comment,commission,entry_type,magic,order,price,profit,swap,symbol,ticket,time,type,volume,close_time,side,net_profit,abs_net_profit,net_profit_per_lot,is_buy,is_sell,volume_log,magic_is_tradepy,close_date,close_hour,close_weekday,close_month,comment_has_tp_tag,comment_has_sl_tag,label_win,label_loss,label_big_win,label_big_loss
[tp 88796.32000],0.0,1,234000,0,88796.32,2.75,0.0,BTCUSDm,1762445762,2026-01-25T04:30:47,BUY,0.01,2026-01-25 04:30:47,BUY,2.75,2.75,275.0,1,0,-4.605170185988091,1,2026-01-25,4,6,1,1,0,1,0,0,0
[tp 88781.13000],0.0,1,234000,0,88781.13,2.94,0.0,BTCUSDm,1762446139,2026-01-25T04:30:48,BUY,0.01,2026-01-25 04:30:48,BUY,2.94,2.94,294.0,1,0,-4.605170185988091,1,2026-01-25,4,6,1,1,0,1,0,0,0
[tp 88754.17000],0.0,1,234000,0,88754.17,2.34,0.0,BTCUSDm,1762446775,2026-01-25T04:30:54,BUY,0.01,2026-01-25 04:30:54,BUY,2.34,2.34,233.99999999999997,1,0,-4.605170185988091,1,2026-01-25,4,6,1,1,0,1,0,0,0
,0.0,1,0,2234604565,88830.8,-0.88,0.0,BTCUSDm,1762450309,2026-01-25T04:40:57,BUY,0.01,2026-01-25 04:40:57,BUY,-0.88,0.88,-88.0,1,0,-4.605170185988091,0,2026-01-25,4,6,1,0,0,0,1,0,0
,0.0,1,0,2235160185,87204.8,0.03,0.0,BTCUSDm,1763020786,2026-01-25T20:03:24,SELL,0.01,2026-01-25 20:03:24,SELL,0.03,0.03,3.0,0,1,-4.605170185988091,0,2026-01-25,20,6,1,0,0,1,0,0,0
[tp 4952.31100],0.0,1,234000,0,4952.311,107.03,0.0,XAUUSDm,1795531046,2026-01-30T10:45:33,BUY,0.01,2026-01-30 10:45:33,BUY,107.03,107.03,10703.0,1,0,-4.605170185988091,1,2026-01-30,10,4,1,1,0,1,0,1,0
[sl 5052.31700],0.0,1,234000,0,5052.317,-71.78,0.0,XAUUSDm,1795682123,2026-01-30T11:03:22,BUY,0.01,2026-01-30 11:03:22,BUY,-71.78,71.78,-7178.0,1,0,-4.605170185988091,1,2026-01-30,11,4,1,0,1,0,1,0,1
[sl 82487.96000],0.0,1,234000,0,82489.77,-3.48,0.0,BTCUSDm,1795877014,2026-01-30T11:26:28,BUY,0.01,2026-01-30 11:26:28,BUY,-3.48,3.48,-348.0,1,0,-4.605170185988091,1,2026-01-30,11,4,1,0,1,0,1,0,0
[sl 82991.80000],0.0,1,234000,0,82991.8,-3.52,0.0,BTCUSDm,1797616063,2026-01-30T15:11:29,BUY,0.01,2026-01-30 15:11:29,BUY,-3.52,3.52,-352.0,1,0,-4.605170185988091,1,2026-01-30,15,4,1,0,1,0,1,0,0
[sl 5107.22800],0.0,1,234000,0,5107.228,-54.51,0.0,XAUUSDm,1797823290,2026-01-30T15:34:00,BUY,0.01,2026-01-30 15:34:00,BUY,-54.51,54.51,-5451.0,1,0,-4.605170185988091,1,2026-01-30,15,4,1,0,1,0,1,0,1
[tp 1.18912],0.0,1,234000,0,1.18912,2.44,0.0,EURUSDm,1798125433,2026-01-30T16:04:00,BUY,0.01,2026-01-30 16:04:00,BUY,2.44,2.44,244.0,1,0,-4.605170185988091,1,2026-01-30,16,4,1,1,0,1,0,0,0
[sl 5049.60400],0.0,1,234000,0,5049.604,-67.58,0.0,XAUUSDm,1798255626,2026-01-30T16:16:37,BUY,0.01,2026-01-30 16:16:37,BUY,-67.58,67.58,-6758.0,1,0,-4.605170185988091,1,2026-01-30,16,4,1,0,1,0,1,0,1
[tp 4947.57000],0.0,1,234000,0,4947.57,102.41,0.0,XAUUSDm,1799074702,2026-01-30T17:52:19,BUY,0.01,2026-01-30 17:52:19,BUY,102.41,102.41,10241.0,1,0,-4.605170185988091,1,2026-01-30,17,4,1,1,0,1,0,1,0
[tp 4895.46400],0.0,1,234000,0,4895.118,83.87,0.0,XAUUSDm,1799458104,2026-01-30T18:33:35,BUY,0.01,2026-01-30 18:33:35,BUY,83.87,83.87,8387.0,1,0,-4.605170185988091,1,2026-01-30,18,4,1,1,0,1,0,1,0
[tp 82005.14000],0.0,1,234000,0,82005.14,8.43,0.0,BTCUSDm,1799940710,2026-01-30T19:20:24,BUY,0.01,2026-01-30 19:20:24,BUY,8.43,8.43,843.0,1,0,-4.605170185988091,1,2026-01-30,19,4,1,1,0,1,0,0,0
,0.0,1,0,2279256278,82323.97,-4.21,0.0,BTCUSDm,1800018321,2026-01-30T19:26:59,BUY,0.01,2026-01-30 19:26:59,BUY,-4.21,4.21,-421.0,1,0,-4.605170185988091,0,2026-01-30,19,4,1,0,0,0,1,0,0
[sl 83029.07000],0.0,1,234000,0,83031.63,-6.55,0.0,BTCUSDm,1800177073,2026-01-30T19:44:53,BUY,0.01,2026-01-30 19:44:53,BUY,-6.55,6.55,-655.0,1,0,-4.605170185988091,1,2026-01-30,19,4,1,0,1,0,1,0,0
,0.0,1,0,2279539737,4826.955,-48.27,0.0,XAUUSDm,1800247373,2026-01-30T19:52:54,BUY,0.01,2026-01-30 19:52:54,BUY,-48.27,48.27,-4827.0,1,0,-4.605170185988091,0,2026-01-30,19,4,1,0,0,0,1,0,1
,0.0,1,0,2280171190,83779.91,-3.59,0.0,BTCUSDm,1800737030,2026-01-30T21:24:19,SELL,0.01,2026-01-30 21:24:19,SELL,-3.59,3.59,-359.0,0,1,-4.605170185988091,0,2026-01-30,21,4,1,0,0,0,1,0,0
,0.0,1,0,2280197945,1.18568,0.16,0.0,EURUSDm,1800758209,2026-01-30T21:29:21,BUY,0.01,2026-01-30 21:29:21,BUY,0.16,0.16,16.0,1,0,-4.605170185988091,0,2026-01-30,21,4,1,0,0,1,0,0,0
,0.0,1,0,2280329167,1.1859300000000002,-0.2,0.0,EURUSDm,1800860529,2026-01-30T21:50:42,BUY,0.01,2026-01-30 21:50:42,BUY,-0.2,0.2,-20.0,1,0,-4.605170185988091,0,2026-01-30,21,4,1,0,0,0,1,0,0
,0.0,1,0,2280641262,83972.96,0.3,0.0,BTCUSDm,1801104947,2026-01-30T23:07:17,BUY,0.01,2026-01-30 23:07:17,BUY,0.3,0.3,30.0,1,0,-4.605170185988091,0,2026-01-30,23,4,1,0,0,1,0,0,0
[tp 4751.94400],0.0,1,234000,0,4750.642000000001,85.33,0.0,XAUUSDm,1803866900,2026-02-02T00:11:26,BUY,0.01,2026-02-02 00:11:26,BUY,85.33,85.33,8533.0,1,0,-4.605170185988091,1,2026-02-02,0,0,2,1,0,1,0,1,0
[sl 1.18569],0.0,1,234000,2283790194,1.18569,-0.73,0.0,EURUSDm,1803960001,2026-02-02T00:39:32,BUY,0.01,2026-02-02 00:39:32,BUY,-0.73,0.73,-73.0,1,0,-4.605170185988091,1,2026-02-02,0,0,2,0,1,0,1,0,0
[sl 61.92700],0.0,1,234000,0,61.927,-1.76,0.0,USOILm,1813706425,2026-02-03T02:01:00,BUY,0.01,2026-02-03 02:01:00,BUY,-1.76,1.76,-176.0,1,0,-4.605170185988091,1,2026-02-03,2,1,2,0,1,0,1,0,0
[tp 61.48000],0.0,1,234000,0,61.48,2.9,0.0,USOILm,1813964617,2026-02-03T03:29:35,BUY,0.01,2026-02-03 03:29:35,BUY,2.9,2.9,290.0,1,0,-4.605170185988091,1,2026-02-03,3,1,2,1,0,1,0,0,0
[sl 1.18078],0.0,1,234000,0,1.18078,-0.49,0.0,EURUSDm,1814129457,2026-02-03T04:32:00,BUY,0.01,2026-02-03 04:32:00,BUY,-0.49,0.49,-49.0,1,0,-4.605170185988091,1,2026-02-03,4,1,2,0,1,0,1,0,0
[tp 1.18222],0.0,1,234000,0,1.18222,0.72,0.0,EURUSDm,1815089264,2026-02-03T08:37:24,SELL,0.01,2026-02-03 08:37:24,SELL,0.72,0.72,72.0,0,1,-4.605170185988091,1,2026-02-03,8,1,2,1,0,1,0,0,0
[sl 61.78600],0.0,1,234000,0,61.786,-1.67,0.0,USOILm,1815115560,2026-02-03T08:43:44,BUY,0.01,2026-02-03 08:43:44,BUY,-1.67,1.67,-167.0,1,0,-4.605170185988091,1,2026-02-03,8,1,2,0,1,0,1,0,0
[sl 1.18148],0.0,1,234000,2303666356,1.18148,-0.39,0.0,EURUSDm,1820832428,2026-02-04T00:20:08,SELL,0.01,2026-02-04 00:20:08,SELL,-0.39,0.39,-39.0,0,1,-4.605170185988091,1,2026-02-04,0,2,2,0,1,0,1,0,0
[sl 63.468],0.0,1,234000,2304048543,63.468,-1.49,0.0,USOILm,1821138483,2026-02-04T01:59:59,SELL,0.01,2026-02-04 01:59:59,SELL,-1.49,1.49,-149.0,0,1,-4.605170185988091,1,2026-02-04,1,2,2,0,1,0,1,0,0
[tp 1.18337],0.0,1,234000,0,1.18337,0.63,0.0,EURUSDm,1821656212,2026-02-04T05:54:30,SELL,0.01,2026-02-04 05:54:30,SELL,0.63,0.63,63.0,0,1,-4.605170185988091,1,2026-02-04,5,2,2,1,0,1,0,0,0
[sl 63.49300],0.0,1,234000,0,63.493,-1.1,0.0,USOILm,1821696756,2026-02-04T06:16:09,SELL,0.01,2026-02-04 06:16:09,SELL,-1.1,1.1,-110.0,0,1,-4.605170185988091,1,2026-02-04,6,2,2,0,1,0,1,0,0
[sl 1.18225],0.0,1,234000,0,1.18225,-0.84,0.0,EURUSDm,1822778499,2026-02-04T10:31:56,SELL,0.01,2026-02-04 10:31:56,SELL,-0.84,0.84,-84.0,0,1,-4.605170185988091,1,2026-02-04,10,2,2,0,1,0,1,0,0
[sl 63.254],0.0,1,234000,2308417043,63.254,-2.94,0.0,USOILm,1824728456,2026-02-04T15:49:51,BUY,0.01,2026-02-04 15:49:51,BUY,-2.94,2.94,-294.0,1,0,-4.605170185988091,1,2026-02-04,15,2,2,0,1,0,1,0,0
[tp 1.17955],0.0,1,234000,0,1.1795499999999999,1.78,0.0,EURUSDm,1825324868,2026-02-04T16:56:03,BUY,0.01,2026-02-04 16:56:03,BUY,1.78,1.78,178.0,1,0,-4.605170185988091,1,2026-02-04,16,2,2,1,0,1,0,0,0
TradePy Live,0.0,1,0,2309816236,175.01,0.77,0.0,NVDAm,1825907390,2026-02-04T18:05:06,BUY,0.01,2026-02-04 18:05:06,BUY,0.77,0.77,77.0,1,0,-4.605170185988091,0,2026-02-04,18,2,2,0,0,1,0,0,0
[sl 64.503],0.0,1,234000,2310607278,64.503,-5.23,0.0,USOILm,1826595303,2026-02-04T19:42:56,SELL,0.01,2026-02-04 19:42:56,SELL,-5.23,5.23,-523.0,0,1,-4.605170185988091,1,2026-02-04,19,2,2,0,1,0,1,0,0
[sl 1.18064],0.0,1,234000,0,1.18064,-0.99,0.0,EURUSDm,1826938575,2026-02-04T20:46:22,BUY,0.01,2026-02-04 20:46:22,BUY,-0.99,0.99,-99.0,1,0,-4.605170185988091,1,2026-02-04,20,2,2,0,1,0,1,0,0
[sl 1.18060],0.0,1,234000,0,1.1806,-0.31,0.0,EURUSDm,1827684447,2026-02-05T00:34:08,BUY,0.01,2026-02-05 00:34:08,BUY,-0.31,0.31,-31.0,1,0,-4.605170185988091,1,2026-02-05,0,3,2,0,1,0,1,0,0
[sl 63.982],0.0,1,234000,2312248358,63.982,-2.39,0.0,USOILm,1827939278,2026-02-05T02:17:02,SELL,0.01,2026-02-05 02:17:02,SELL,-2.39,2.39,-239.0,0,1,-4.605170185988091,1,2026-02-05,2,3,2,0,1,0,1,0,0
[sl 63.594],0.0,1,234000,2313429700,63.594,-1.21,0.0,USOILm,1828822814,2026-02-05T06:43:11,BUY,0.01,2026-02-05 06:43:11,BUY,-1.21,1.21,-121.0,1,0,-4.605170185988091,1,2026-02-05,6,3,2,0,1,0,1,0,0
[sl 1.17928],0.0,1,234000,0,1.1792799999999999,-0.7,0.0,EURUSDm,1829165876,2026-02-05T08:00:16,BUY,0.01,2026-02-05 08:00:16,BUY,-0.7,0.7,-70.0,1,0,-4.605170185988091,1,2026-02-05,8,3,2,0,1,0,1,0,0
[tp 62.71700],0.0,1,234000,0,62.717,2.26,0.0,USOILm,1835713127,2026-02-06T00:44:19,BUY,0.01,2026-02-06 00:44:19,BUY,2.26,2.26,225.99999999999997,1,0,-4.605170185988091,1,2026-02-06,0,4,2,1,0,1,0,0,0
[tp 1.17708],0.0,1,234000,0,1.17708,0.59,0.0,EURUSDm,1835895169,2026-02-06T01:17:57,BUY,0.01,2026-02-06 01:17:57,BUY,0.59,0.59,58.99999999999999,1,0,-4.605170185988091,1,2026-02-06,1,4,2,1,0,1,0,0,0
[tp 1.18008],0.0,1,234000,0,1.18008,0.52,0.0,EURUSDm,1836795766,2026-02-06T06:16:58,SELL,0.01,2026-02-06 06:16:58,SELL,0.52,0.52,52.0,0,1,-4.605170185988091,1,2026-02-06,6,4,2,1,0,1,0,0,0
[tp 63.67600],0.0,1,234000,0,63.676,1.9,0.0,USOILm,1836862997,2026-02-06T06:34:18,SELL,0.01,2026-02-06 06:34:18,SELL,1.9,1.9,190.0,0,1,-4.605170185988091,1,2026-02-06,6,4,2,1,0,1,0,0,0
[sl 63.639],0.0,1,234000,2325263920,63.639,-3.67,0.0,USOILm,1838170015,2026-02-06T11:06:27,SELL,0.01,2026-02-06 11:06:27,SELL,-3.67,3.67,-367.0,0,1,-4.605170185988091,1,2026-02-06,11,4,2,0,1,0,1,0,0
[tp 1.18043],0.0,1,234000,0,1.18043,1.1,0.0,EURUSDm,1839409449,2026-02-06T14:34:58,SELL,0.01,2026-02-06 14:34:58,SELL,1.1,1.1,110.0,0,1,-4.605170185988091,1,2026-02-06,14,4,2,1,0,1,0,0,0
[tp 1.18132],0.0,1,234000,0,1.18132,0.82,0.0,EURUSDm,1839622799,2026-02-06T15:03:54,SELL,0.01,2026-02-06 15:03:54,SELL,0.82,0.82,82.0,0,1,-4.605170185988091,1,2026-02-06,15,4,2,1,0,1,0,0,0
[sl 62.767],0.0,1,234000,2327344800,62.767,-5.91,0.0,USOILm,1839802516,2026-02-06T15:28:03,BUY,0.01,2026-02-06 15:28:03,BUY,-5.91,5.91,-591.0,1,0,-4.605170185988091,1,2026-02-06,15,4,2,0,1,0,1,0,0
[sl 1.18107],0.0,1,234000,0,1.18107,-0.92,0.0,EURUSDm,1840291576,2026-02-06T16:22:49,SELL,0.01,2026-02-06 16:22:49,SELL,-0.92,0.92,-92.0,0,1,-4.605170185988091,1,2026-02-06,16,4,2,0,1,0,1,0,0
[tp 182.65000],0.0,1,234000,0,182.66,2.93,0.0,NVDAm,1840337863,2026-02-06T16:28:20,SELL,0.01,2026-02-06 16:28:20,SELL,2.93,2.93,293.0,0,1,-4.605170185988091,1,2026-02-06,16,4,2,1,0,1,0,0,0
[sl 63.69600],0.0,1,234000,0,63.696,-3.02,0.0,USOILm,1841336144,2026-02-06T19:21:37,SELL,0.01,2026-02-06 19:21:37,SELL,-3.02,3.02,-302.0,0,1,-4.605170185988091,1,2026-02-06,19,4,2,0,1,0,1,0,0
[sl 70236.17000],0.0,1,234000,0,70236.17,-13.22,0.0,BTCUSDm,1844435507,2026-02-08T17:54:15,SELL,0.02,2026-02-08 17:54:15,SELL,-13.22,13.22,-661.0,0,1,-3.912023005428146,1,2026-02-08,17,6,2,0,1,0,1,0,1
[tp 71368.79000],0.0,1,234000,0,71368.79,8.71,0.0,BTCUSDm,1844668231,2026-02-08T20:50:12,SELL,0.02,2026-02-08 20:50:12,SELL,8.71,8.71,435.50000000000006,0,1,-3.912023005428146,1,2026-02-08,20,6,2,1,0,1,0,0,0
[tp 71583.94000],0.0,1,234000,0,71583.94,15.95,0.0,BTCUSDm,1844918643,2026-02-09T00:05:24,SELL,0.02,2026-02-09 00:05:24,SELL,15.95,15.95,797.5,0,1,-3.912023005428146,1,2026-02-09,0,0,2,1,0,1,0,1,0
[sl 62.848],0.0,1,234000,2333339802,62.848,-2.21,0.0,USOILm,1844980304,2026-02-09T00:17:27,BUY,0.01,2026-02-09 00:17:27,BUY,-2.21,2.21,-221.0,1,0,-4.605170185988091,1,2026-02-09,0,0,2,0,1,0,1,0,0
[sl 62.85400],0.0,1,234000,0,62.854,-0.67,0.0,USOILm,1846157613,2026-02-09T06:30:05,BUY,0.01,2026-02-09 06:30:05,BUY,-0.67,0.67,-67.0,1,0,-4.605170185988091,1,2026-02-09,6,0,2,0,1,0,1,0,0
[tp 1.18375],0.0,1,234000,0,1.18375,0.48,0.0,EURUSDm,1846279118,2026-02-09T07:00:32,SELL,0.01,2026-02-09 07:00:32,SELL,0.48,0.48,48.0,0,1,-4.605170185988091,1,2026-02-09,7,0,2,1,0,1,0,0,0
[sl 63.45000],0.0,1,234000,0,63.45,-2.25,0.0,USOILm,1848699593,2026-02-09T14:00:03,SELL,0.01,2026-02-09 14:00:03,SELL,-2.25,2.25,-225.0,0,1,-4.605170185988091,1,2026-02-09,14,0,2,0,1,0,1,0,0
[tp 1.18837],0.0,1,234000,0,1.18837,0.95,0.0,EURUSDm,1848713823,2026-02-09T14:01:27,SELL,0.01,2026-02-09 14:01:27,SELL,0.95,0.95,95.0,0,1,-4.605170185988091,1,2026-02-09,14,0,2,1,0,1,0,0,0
[sl 1.19066],0.0,1,234000,0,1.19066,-0.76,0.0,EURUSDm,1851880082,2026-02-10T00:25:06,SELL,0.01,2026-02-10 00:25:06,SELL,-0.76,0.76,-76.0,0,1,-4.605170185988091,1,2026-02-10,0,1,2,0,1,0,1,0,0
[sl 63.911],0.0,1,234000,2342013737,63.911,-3.83,0.0,USOILm,1852108574,2026-02-10T02:04:08,SELL,0.01,2026-02-10 02:04:08,SELL,-3.83,3.83,-383.0,0,1,-4.605170185988091,1,2026-02-10,2,1,2,0,1,0,1,0,0
[tp 69265.08000],0.0,1,234000,0,69265.08,15.93,0.0,BTCUSDm,1852398107,2026-02-10T04:31:00,BUY,0.02,2026-02-10 04:31:00,BUY,15.93,15.93,796.5,1,0,-3.912023005428146,1,2026-02-10,4,1,2,1,0,1,0,1,0
[sl 63.975],0.0,1,234000,2344202698,63.975,-2.57,0.0,USOILm,1853784983,2026-02-10T11:00:00,SELL,0.01,2026-02-10 11:00:00,SELL,-2.57,2.57,-257.0,0,1,-4.605170185988091,1,2026-02-10,11,1,2,0,1,0,1,0,0
[tp 67654.06000],0.0,1,234000,0,67654.06,14.86,0.0,BTCUSDm,1858285470,2026-02-11T05:23:38,BUY,0.02,2026-02-11 05:23:38,BUY,14.86,14.86,743.0,1,0,-3.912023005428146,1,2026-02-11,5,2,2,1,0,1,0,1,0
[sl 5048.72800],0.0,1,234000,0,5048.728,-9.37,0.0,XAUUSDm,1858343226,2026-02-11T05:51:54,SELL,0.01,2026-02-11 05:51:54,SELL,-9.37,9.37,-936.9999999999999,0,1,-4.605170185988091,1,2026-02-11,5,2,2,0,1,0,1,0,0
[sl 64.167],0.0,1,234000,2349853094,64.167,-1.95,0.0,USOILm,1858370384,2026-02-11T06:03:03,SELL,0.01,2026-02-11 06:03:03,SELL,-1.95,1.95,-195.0,0,1,-4.605170185988091,1,2026-02-11,6,2,2,0,1,0,1,0,0
TradePy Live,0.0,1,0,2350026526,1.1916200000000001,1.16,0.0,EURUSDm,1858510549,2026-02-11T06:54:37,SELL,0.01,2026-02-11 06:54:37,SELL,1.16,1.16,115.99999999999999,0,1,-4.605170185988091,0,2026-02-11,6,2,2,0,0,1,0,0,0
TradePy Live,0.0,1,0,2373438964,62.773,-0.73,0.0,USOILm,1878068676,2026-02-16T00:38:48,BUY,0.01,2026-02-16 00:38:48,BUY,-0.73,0.73,-73.0,1,0,-4.605170185988091,0,2026-02-16,0,0,2,0,0,0,1,0,0
[sl 68822.67000],0.0,1,234000,0,68823.78,-6.6,0.0,BTCUSDm,1878142550,2026-02-16T01:07:59,BUY,0.02,2026-02-16 01:07:59,BUY,-6.6,6.6,-330.0,1,0,-3.912023005428146,1,2026-02-16,1,0,2,0,1,0,1,0,0
[sl 62.725],0.0,1,234000,2373624919,62.725,-0.57,0.0,USOILm,1878219421,2026-02-16T01:45:14,SELL,0.01,2026-02-16 01:45:14,SELL,-0.57,0.57,-56.99999999999999,0,1,-4.605170185988091,1,2026-02-16,1,0,2,0,1,0,1,0,0
[sl 69203.39000],0.0,1,234000,0,69203.39,-9.87,0.0,BTCUSDm,1880250950,2026-02-16T13:26:28,BUY,0.02,2026-02-16 13:26:28,BUY,-9.87,9.87,-493.49999999999994,1,0,-3.912023005428146,1,2026-02-16,13,0,2,0,1,0,1,0,0
[tp 1.18535],0.0,1,234000,0,1.18535,1.09,0.0,EURUSDm,1880354737,2026-02-16T13:47:22,BUY,0.01,2026-02-16 13:47:22,BUY,1.09,1.09,109.0,1,0,-4.605170185988091,1,2026-02-16,13,0,2,1,0,1,0,0,0
[sl 62.90700],0.0,1,234000,0,62.907,-0.57,0.0,USOILm,1880375609,2026-02-16T13:52:23,SELL,0.01,2026-02-16 13:52:23,SELL,-0.57,0.57,-56.99999999999999,0,1,-4.605170185988091,1,2026-02-16,13,0,2,0,1,0,1,0,0
[tp 70083.13000],0.0,1,234000,0,70083.13,11.32,0.0,BTCUSDm,1880416764,2026-02-16T14:03:38,SELL,0.02,2026-02-16 14:03:38,SELL,11.32,11.32,566.0,0,1,-3.912023005428146,1,2026-02-16,14,0,2,1,0,1,0,1,0
[sl 68711.28],0.0,1,234000,2376356494,68711.28,-11.23,0.0,BTCUSDm,1880505789,2026-02-16T14:28:39,SELL,0.02,2026-02-16 14:28:39,SELL,-11.23,11.23,-561.5,0,1,-3.912023005428146,1,2026-02-16,14,0,2,0,1,0,1,0,1
[tp 63.01400],0.0,1,234000,0,63.014,0.36,0.0,USOILm,1880585831,2026-02-16T14:41:03,SELL,0.01,2026-02-16 14:41:03,SELL,0.36,0.36,36.0,0,1,-4.605170185988091,1,2026-02-16,14,0,2,1,0,1,0,0,0
[sl 1.18591],0.0,1,234000,0,1.18591,-0.44,0.0,EURUSDm,1880712750,2026-02-16T15:05:43,BUY,0.01,2026-02-16 15:05:43,BUY,-0.44,0.44,-44.0,1,0,-4.605170185988091,1,2026-02-16,15,0,2,0,1,0,1,0,0
[tp 4976.82100],0.0,1,234000,0,4976.821,20.8,0.0,XAUUSDm,1881043267,2026-02-16T16:03:01,BUY,0.01,2026-02-16 16:03:01,BUY,20.8,20.8,2080.0,1,0,-4.605170185988091,1,2026-02-16,16,0,2,1,0,1,0,1,0
[sl 4984.20800],0.0,1,234000,0,4984.208,-10.43,0.0,XAUUSDm,1881484190,2026-02-16T17:26:08,BUY,0.01,2026-02-16 17:26:08,BUY,-10.43,10.43,-1043.0,1,0,-4.605170185988091,1,2026-02-16,17,0,2,0,1,0,1,0,1
[sl 1.18542],0.0,1,234000,0,1.18542,-0.51,0.0,EURUSDm,1882037576,2026-02-16T20:58:22,BUY,0.01,2026-02-16 20:58:22,BUY,-0.51,0.51,-51.0,1,0,-4.605170185988091,1,2026-02-16,20,0,2,0,1,0,1,0,0
[tp 4965.46200],0.0,1,234000,0,4964.12,24.52,0.0,XAUUSDm,1882384611,2026-02-17T01:52:15,BUY,0.01,2026-02-17 01:52:15,BUY,24.52,24.52,2452.0,1,0,-4.605170185988091,1,2026-02-17,1,1,2,1,0,1,0,1,0
[tp 4933.35500],0.0,1,234000,0,4933.355,19.04,0.0,XAUUSDm,1882426640,2026-02-17T01:58:31,BUY,0.01,2026-02-17 01:58:31,BUY,19.04,19.04,1903.9999999999998,1,0,-4.605170185988091,1,2026-02-17,1,1,2,1,0,1,0,1,0
[sl 63.46000],0.0,1,234000,0,63.46,-0.88,0.0,USOILm,1882442186,2026-02-17T02:01:18,SELL,0.01,2026-02-17 02:01:18,SELL,-0.88,0.88,-88.0,0,1,-4.605170185988091,1,2026-02-17,2,1,2,0,1,0,1,0,0
[tp 63.59500],0.0,1,234000,0,63.595,0.16,0.0,USOILm,1882507257,2026-02-17T02:32:25,SELL,0.01,2026-02-17 02:32:25,SELL,0.16,0.16,16.0,0,1,-4.605170185988091,1,2026-02-17,2,1,2,1,0,1,0,0,0
[tp 69022.97000],0.0,1,234000,0,69022.97,8.42,0.0,BTCUSDm,1882569169,2026-02-17T03:12:50,SELL,0.02,2026-02-17 03:12:50,SELL,8.42,8.42,421.0,0,1,-3.912023005428146,1,2026-02-17,3,1,2,1,0,1,0,0,0
[sl 68780.15000],0.0,1,234000,0,68780.15,-7.04,0.0,BTCUSDm,1882627738,2026-02-17T04:01:03,SELL,0.02,2026-02-17 04:01:03,SELL,-7.04,7.04,-352.0,0,1,-3.912023005428146,1,2026-02-17,4,1,2,0,1,0,1,0,0
[tp 4924.72200],0.0,1,234000,0,4924.722,38.59,0.0,XAUUSDm,1882849286,2026-02-17T06:15:36,BUY,0.01,2026-02-17 06:15:36,BUY,38.59,38.59,3859.0000000000005,1,0,-4.605170185988091,1,2026-02-17,6,1,2,1,0,1,0,1,0
[tp 4877.63100],0.0,1,234000,0,4877.631,22.98,0.0,XAUUSDm,1882952467,2026-02-17T06:32:02,BUY,0.01,2026-02-17 06:32:02,BUY,22.98,22.98,2298.0,1,0,-4.605170185988091,1,2026-02-17,6,1,2,1,0,1,0,1,0
[sl 63.08300],0.0,1,234000,0,63.083,-0.3,0.0,USOILm,1883344052,2026-02-17T08:30:12,BUY,0.01,2026-02-17 08:30:12,BUY,-0.3,0.3,-30.0,1,0,-4.605170185988091,1,2026-02-17,8,1,2,0,1,0,1,0,0
[sl 4921.41400],0.0,1,234000,0,4921.414,-29.6,0.0,XAUUSDm,1883396470,2026-02-17T08:41:36,BUY,0.01,2026-02-17 08:41:36,BUY,-29.6,29.6,-2960.0,1,0,-4.605170185988091,1,2026-02-17,8,1,2,0,1,0,1,0,1
[tp 1.18316],0.0,1,234000,0,1.18316,2.15,0.0,EURUSDm,1883428663,2026-02-17T08:50:35,BUY,0.01,2026-02-17 08:50:35,BUY,2.15,2.15,215.0,1,0,-4.605170185988091,1,2026-02-17,8,1,2,1,0,1,0,0,0
[sl 1.18360],0.0,1,234000,0,1.1836,-0.61,0.0,EURUSDm,1883555905,2026-02-17T09:19:26,BUY,0.01,2026-02-17 09:19:26,BUY,-0.61,0.61,-61.0,1,0,-4.605170185988091,1,2026-02-17,9,1,2,0,1,0,1,0,0
[sl 63.058],0.0,1,234000,2380237961,63.058,-0.45,0.0,USOILm,1883606415,2026-02-17T09:31:23,BUY,0.01,2026-02-17 09:31:23,BUY,-0.45,0.45,-45.0,1,0,-4.605170185988091,1,2026-02-17,9,1,2,0,1,0,1,0,0
[tp 67822.19000],0.0,1,234000,0,67822.19,14.23,0.0,BTCUSDm,1884058571,2026-02-17T11:16:36,BUY,0.02,2026-02-17 11:16:36,BUY,14.23,14.23,711.5,1,0,-3.912023005428146,1,2026-02-17,11,1,2,1,0,1,0,1,0
[sl 68055.00000],0.0,1,234000,0,68055.0,-4.52,0.0,BTCUSDm,1884599193,2026-02-17T13:07:26,BUY,0.02,2026-02-17 13:07:26,BUY,-4.52,4.52,-225.99999999999997,1,0,-3.912023005428146,1,2026-02-17,13,1,2,0,1,0,1,0,0
[tp 1.18157],0.0,1,234000,0,1.18157,1.44,0.0,EURUSDm,1885990075,2026-02-17T16:02:21,BUY,0.01,2026-02-17 16:02:21,BUY,1.44,1.44,144.0,1,0,-4.605170185988091,1,2026-02-17,16,1,2,1,0,1,0,0,0
[sl 181.48000],0.0,1,234000,0,181.48,-1.6400000000000001,0.0,NVDAm,1886390046,2026-02-17T16:51:52,BUY,0.01,2026-02-17 16:51:52,BUY,-1.6400000000000001,1.6400000000000001,-164.0,1,0,-4.605170185988091,1,2026-02-17,16,1,2,0,1,0,1,0,0
[sl 1.18221],0.0,1,234000,0,1.18221,-0.98,0.0,EURUSDm,1886551396,2026-02-17T17:14:40,BUY,0.01,2026-02-17 17:14:40,BUY,-0.98,0.98,-98.0,1,0,-4.605170185988091,1,2026-02-17,17,1,2,0,1,0,1,0,0
[sl 185.21000],0.0,1,234000,0,185.21,-0.94,0.0,NVDAm,1887911153,2026-02-17T21:31:39,SELL,0.01,2026-02-17 21:31:39,SELL,-0.94,0.94,-93.99999999999999,0,1,-4.605170185988091,1,2026-02-17,21,1,2,0,1,0,1,0,0
[tp 1.18541],0.0,1,234000,0,1.18541,0.53,0.0,EURUSDm,1888118176,2026-02-17T22:39:17,SELL,0.01,2026-02-17 22:39:17,SELL,0.53,0.53,53.0,0,1,-4.605170185988091,1,2026-02-17,22,1,2,1,0,1,0,0,0
[sl 62.212],0.0,1,234000,2385540178,62.212,-0.7,0.0,USOILm,1888166195,2026-02-18T00:02:21,BUY,0.01,2026-02-18 00:02:21,BUY,-0.7,0.7,-70.0,1,0,-4.605170185988091,1,2026-02-18,0,2,2,0,1,0,1,0,0
[sl 1.18505],0.0,1,234000,0,1.18505,-0.35,0.0,EURUSDm,1888272323,2026-02-18T00:48:51,SELL,0.01,2026-02-18 00:48:51,SELL,-0.35,0.35,-35.0,0,1,-4.605170185988091,1,2026-02-18,0,2,2,0,1,0,1,0,0
[tp 4856.18200],0.0,1,234000,0,4856.182,26.53,0.0,XAUUSDm,1888287349,2026-02-18T00:53:32,BUY,0.01,2026-02-18 00:53:32,BUY,26.53,26.53,2653.0,1,0,-4.605170185988091,1,2026-02-18,0,2,2,1,0,1,0,1,0
[sl 62.208],0.0,1,234000,2385713815,62.208,-0.48,0.0,USOILm,1888307385,2026-02-18T01:01:07,BUY,0.01,2026-02-18 01:01:07,BUY,-0.48,0.48,-48.0,1,0,-4.605170185988091,1,2026-02-18,1,2,2,0,1,0,1,0,0
[sl 62.16000],0.0,1,234000,0,62.16,-0.43,0.0,USOILm,1888406981,2026-02-18T01:47:30,BUY,0.01,2026-02-18 01:47:30,BUY,-0.43,0.43,-43.0,1,0,-4.605170185988091,1,2026-02-18,1,2,2,0,1,0,1,0,0
[sl 4887.184],0.0,1,234000,2385883619,4887.184,-20.43,0.0,XAUUSDm,1888441386,2026-02-18T02:03:07,BUY,0.01,2026-02-18 02:03:07,BUY,-20.43,20.43,-2043.0,1,0,-4.605170185988091,1,2026-02-18,2,2,2,0,1,0,1,0,1
[sl 67938.11000],0.0,1,234000,0,67942.99,-8.86,0.0,BTCUSDm,1889060064,2026-02-18T07:45:55,BUY,0.02,2026-02-18 07:45:55,BUY,-8.86,8.86,-442.99999999999994,1,0,-3.912023005428146,1,2026-02-18,7,2,2,0,1,0,1,0,0
[sl 64.993],0.0,1,234000,2391843620,64.993,-1.52,0.0,USOILm,1893385427,2026-02-19T00:39:26,SELL,0.01,2026-02-19 00:39:26,SELL,-1.52,1.52,-152.0,0,1,-4.605170185988091,1,2026-02-19,0,3,2,0,1,0,1,0,0
[tp 65.13400],0.0,1,234000,0,65.134,1.38,0.0,USOILm,1893627131,2026-02-19T02:54:45,SELL,0.01,2026-02-19 02:54:45,SELL,1.38,1.38,138.0,0,1,-4.605170185988091,1,2026-02-19,2,3,2,1,0,1,0,0,0
[tp 65.16500],0.0,1,234000,0,65.165,0.39,0.0,USOILm,1893633904,2026-02-19T03:01:11,SELL,0.01,2026-02-19 03:01:11,SELL,0.39,0.39,39.0,0,1,-4.605170185988091,1,2026-02-19,3,3,2,1,0,1,0,0,0
[tp 65.27800],0.0,1,234000,0,65.278,0.42,0.0,USOILm,1893712666,2026-02-19T04:04:49,SELL,0.01,2026-02-19 04:04:49,SELL,0.42,0.42,42.0,0,1,-4.605170185988091,1,2026-02-19,4,3,2,1,0,1,0,0,0
[tp 4984.43500],0.0,1,234000,0,4984.435,11.04,0.0,XAUUSDm,1893809659,2026-02-19T05:12:08,SELL,0.01,2026-02-19 05:12:08,SELL,11.04,11.04,1104.0,0,1,-4.605170185988091,1,2026-02-19,5,3,2,1,0,1,0,1,0
[tp 5000.00400],0.0,1,234000,0,5000.004,18.31,0.0,XAUUSDm,1894022266,2026-02-19T07:05:25,SELL,0.01,2026-02-19 07:05:25,SELL,18.31,18.31,1830.9999999999998,0,1,-4.605170185988091,1,2026-02-19,7,3,2,1,0,1,0,1,0
[tp 5006.81800],0.0,1,234000,0,5006.818,7.93,0.0,XAUUSDm,1894097740,2026-02-19T07:33:58,SELL,0.01,2026-02-19 07:33:58,SELL,7.93,7.93,793.0,0,1,-4.605170185988091,1,2026-02-19,7,3,2,1,0,1,0,0,0
[sl 5010.95000],0.0,1,234000,0,5010.95,-7.0,0.0,XAUUSDm,1894386657,2026-02-19T08:56:30,SELL,0.01,2026-02-19 08:56:30,SELL,-7.0,7.0,-700.0,0,1,-4.605170185988091,1,2026-02-19,8,3,2,0,1,0,1,0,0
[tp 1.17502],0.0,1,234000,0,1.17502,3.55,0.0,EURUSDm,1896361555,2026-02-19T15:14:25,BUY,0.01,2026-02-19 15:14:25,BUY,3.55,3.55,355.0,1,0,-4.605170185988091,1,2026-02-19,15,3,2,1,0,1,0,0,0
[sl 1.17647],0.0,1,234000,0,1.17647,-1.63,0.0,EURUSDm,1896786161,2026-02-19T16:03:02,BUY,0.01,2026-02-19 16:03:02,BUY,-1.63,1.63,-163.0,1,0,-4.605170185988091,1,2026-02-19,16,3,2,0,1,0,1,0,0
TradePy Live,0.0,1,0,2396007487,66405.97,-0.67,0.0,BTCUSDm,1896850022,2026-02-19T16:10:16,BUY,0.02,2026-02-19 16:10:16,BUY,-0.67,0.67,-33.5,1,0,-3.912023005428146,0,2026-02-19,16,3,2,0,0,0,1,0,0
[sl 186.48000],0.0,1,234000,0,186.48,-1.38,0.0,NVDAm,1897472348,2026-02-19T17:51:37,SELL,0.01,2026-02-19 17:51:37,SELL,-1.38,1.38,-138.0,0,1,-4.605170185988091,1,2026-02-19,17,3,2,0,1,0,1,0,0
[sl 66677.98000],0.0,1,234000,0,66677.98,-13.46,0.0,BTCUSDm,1897574621,2026-02-19T18:14:37,BUY,0.02,2026-02-19 18:14:37,BUY,-13.46,13.46,-673.0,1,0,-3.912023005428146,1,2026-02-19,18,3,2,0,1,0,1,0,1
[sl 4993.804],0.0,1,234000,2398254704,4993.804,-8.4,0.0,XAUUSDm,1898656710,2026-02-20T00:18:04,SELL,0.01,2026-02-20 00:18:04,SELL,-8.4,8.4,-840.0,0,1,-4.605170185988091,1,2026-02-20,0,4,2,0,1,0,1,0,0
[tp 67204.73000],0.0,1,234000,0,67204.73,5.83,0.0,BTCUSDm,1898769327,2026-02-20T01:15:08,SELL,0.02,2026-02-20 01:15:08,SELL,5.83,5.83,291.5,0,1,-3.912023005428146,1,2026-02-20,1,4,2,1,0,1,0,0,0
[sl 66.37400],0.0,1,234000,0,66.374,-1.34,0.0,USOILm,1898779245,2026-02-20T01:22:01,SELL,0.01,2026-02-20 01:22:01,SELL,-1.34,1.34,-134.0,0,1,-4.605170185988091,1,2026-02-20,1,4,2,0,1,0,1,0,0
[tp 67432.67000],0.0,1,234000,0,67432.67,4.98,0.0,BTCUSDm,1898788924,2026-02-20T01:26:41,SELL,0.02,2026-02-20 01:26:41,SELL,4.98,4.98,249.00000000000003,0,1,-3.912023005428146,1,2026-02-20,1,4,2,1,0,1,0,0,0
[tp 67535.38000],0.0,1,234000,0,67535.38,6.57,0.0,BTCUSDm,1899271074,2026-02-20T06:32:03,SELL,0.02,2026-02-20 06:32:03,SELL,6.57,6.57,328.5,0,1,-3.912023005428146,1,2026-02-20,6,4,2,1,0,1,0,0,0
[tp 66.81800],0.0,1,234000,0,66.818,3.64,0.0,USOILm,1899312063,2026-02-20T06:48:17,SELL,0.01,2026-02-20 06:48:17,SELL,3.64,3.64,364.0,0,1,-4.605170185988091,1,2026-02-20,6,4,2,1,0,1,0,0,0
[sl 66.787],0.0,1,234000,2399179046,66.787,-0.47,0.0,USOILm,1899320191,2026-02-20T06:50:37,SELL,0.01,2026-02-20 06:50:37,SELL,-0.47,0.47,-46.99999999999999,0,1,-4.605170185988091,1,2026-02-20,6,4,2,0,1,0,1,0,0
[tp 5015.93500],0.0,1,234000,0,5015.935,22.25,0.0,XAUUSDm,1899349393,2026-02-20T07:01:02,SELL,0.01,2026-02-20 07:01:02,SELL,22.25,22.25,2225.0,0,1,-4.605170185988091,1,2026-02-20,7,4,2,1,0,1,0,1,0
[sl 67689.16000],0.0,1,234000,0,67687.39,-4.38,0.0,BTCUSDm,1899358474,2026-02-20T07:03:02,SELL,0.02,2026-02-20 07:03:02,SELL,-4.38,4.38,-219.0,0,1,-3.912023005428146,1,2026-02-20,7,4,2,0,1,0,1,0,0
[sl 66.86900],0.0,1,234000,0,66.869,-0.58,0.0,USOILm,1899498580,2026-02-20T07:50:29,SELL,0.01,2026-02-20 07:50:29,SELL,-0.58,0.58,-57.99999999999999,0,1,-4.605170185988091,1,2026-02-20,7,4,2,0,1,0,1,0,0
[tp 5039.21900],0.0,1,234000,0,5039.219,22.24,0.0,XAUUSDm,1900042427,2026-02-20T10:10:17,SELL,0.01,2026-02-20 10:10:17,SELL,22.24,22.24,2224.0,0,1,-4.605170185988091,1,2026-02-20,10,4,2,1,0,1,0,1,0
[sl 5020.07000],0.0,1,234000,0,5020.07,-19.16,0.0,XAUUSDm,1900338105,2026-02-20T11:11:39,SELL,0.01,2026-02-20 11:11:39,SELL,-19.16,19.16,-1916.0,0,1,-4.605170185988091,1,2026-02-20,11,4,2,0,1,0,1,0,1
[sl 1.17969],0.0,1,234000,0,1.17969,-2.6,0.0,EURUSDm,1902188886,2026-02-20T16:13:34,BUY,0.01,2026-02-20 16:13:34,BUY,-2.6,2.6,-260.0,1,0,-4.605170185988091,1,2026-02-20,16,4,2,0,1,0,1,0,0
[sl 1.17720],0.0,1,234000,0,1.1772,-2.5300000000000002,0.0,EURUSDm,1903119053,2026-02-20T18:17:49,SELL,0.01,2026-02-20 18:17:49,SELL,-2.5300000000000002,2.5300000000000002,-253.00000000000003,0,1,-4.605170185988091,1,2026-02-20,18,4,2,0,1,0,1,0,0
[tp 65.78500],0.0,1,234000,0,65.785,1.01,0.0,USOILm,1905562652,2026-02-23T00:05:39,BUY,0.01,2026-02-23 00:05:39,BUY,1.01,1.01,101.0,1,0,-4.605170185988091,1,2026-02-23,0,0,2,1,0,1,0,0,0
[tp 5131.79700],0.0,1,234000,0,5131.797,12.8,0.0,XAUUSDm,1905577156,2026-02-23T00:07:57,SELL,0.01,2026-02-23 00:07:57,SELL,12.8,12.8,1280.0,0,1,-4.605170185988091,1,2026-02-23,0,0,2,1,0,1,0,1,0
[tp 1.18007],0.0,1,234000,0,1.18007,0.62,0.0,EURUSDm,1905596888,2026-02-23T00:13:35,SELL,0.01,2026-02-23 00:13:35,SELL,0.62,0.62,62.0,0,1,-4.605170185988091,1,2026-02-23,0,0,2,1,0,1,0,0,0
[sl 5146.87000],0.0,1,234000,0,5146.87,-18.16,0.0,XAUUSDm,1905742171,2026-02-23T01:01:00,SELL,0.01,2026-02-23 01:01:00,SELL,-18.16,18.16,-1816.0,0,1,-4.605170185988091,1,2026-02-23,1,0,2,0,1,0,1,0,1
[tp 65.80100],0.0,1,234000,0,65.801,1.35,0.0,USOILm,1905859826,2026-02-23T01:31:24,BUY,0.01,2026-02-23 01:31:24,BUY,1.35,1.35,135.0,1,0,-4.605170185988091,1,2026-02-23,1,0,2,1,0,1,0,0,0
[sl 65.74400],0.0,1,234000,0,65.744,-0.45,0.0,USOILm,1905925351,2026-02-23T01:52:10,BUY,0.01,2026-02-23 01:52:10,BUY,-0.45,0.45,-45.0,1,0,-4.605170185988091,1,2026-02-23,1,0,2,0,1,0,1,0,0
[tp 66871.70000],0.0,1,234000,0,66871.7,15.54,0.0,BTCUSDm,1905938251,2026-02-23T01:58:03,BUY,0.02,2026-02-23 01:58:03,BUY,15.54,15.54,776.9999999999999,1,0,-3.912023005428146,1,2026-02-23,1,0,2,1,0,1,0,1,0
[tp 65887.39000],0.0,1,234000,0,65887.39,10.85,0.0,BTCUSDm,1905978336,2026-02-23T02:07:37,BUY,0.02,2026-02-23 02:07:37,BUY,10.85,10.85,542.5,1,0,-3.912023005428146,1,2026-02-23,2,0,2,1,0,1,0,1,0
[sl 65.82600],0.0,1,234000,0,65.826,-0.47,0.0,USOILm,1906045529,2026-02-23T02:35:59,BUY,0.01,2026-02-23 02:35:59,BUY,-0.47,0.47,-46.99999999999999,1,0,-4.605170185988091,1,2026-02-23,2,0,2,0,1,0,1,0,0
[sl 1.18169],0.0,1,234000,0,1.18169,-0.62,0.0,EURUSDm,1906411997,2026-02-23T06:07:43,SELL,0.01,2026-02-23 06:07:43,SELL,-0.62,0.62,-62.0,0,1,-4.605170185988091,1,2026-02-23,6,0,2,0,1,0,1,0,0
[sl 65887.09000],0.0,1,234000,0,65890.41,-14.05,0.0,BTCUSDm,1906710567,2026-02-23T08:05:09,BUY,0.02,2026-02-23 08:05:09,BUY,-14.05,14.05,-702.5,1,0,-3.912023005428146,1,2026-02-23,8,0,2,0,1,0,1,0,1
[tp 190.92000],0.0,1,234000,0,190.92000000000002,3.17,-0.09,NVDAm,1908685830,2026-02-23T15:28:06,SELL,0.01,2026-02-23 15:28:06,SELL,3.08,3.08,308.0,0,1,-4.605170185988091,1,2026-02-23,15,0,2,1,0,1,0,0,0
[tp 5185.40900],0.0,1,234000,0,5185.409,44.76,0.0,XAUUSDm,1908841736,2026-02-23T15:42:33,SELL,0.01,2026-02-23 15:42:33,SELL,44.76,44.76,4476.0,0,1,-4.605170185988091,1,2026-02-23,15,0,2,1,0,1,0,1,0
[sl 5181.44000],0.0,1,234000,0,5181.44,-13.51,0.0,XAUUSDm,1908989232,2026-02-23T16:01:54,SELL,0.01,2026-02-23 16:01:54,SELL,-13.51,13.51,-1351.0,0,1,-4.605170185988091,1,2026-02-23,16,0,2,0,1,0,1,0,1
[sl 191.87000],0.0,1,234000,0,191.87,-1.24,0.0,NVDAm,1909049582,2026-02-23T16:09:03,SELL,0.01,2026-02-23 16:09:03,SELL,-1.24,1.24,-124.0,0,1,-4.605170185988091,1,2026-02-23,16,0,2,0,1,0,1,0,0
[sl 1.17925],0.0,1,234000,0,1.17925,-1.3900000000000001,0.0,EURUSDm,1909346164,2026-02-23T16:52:41,SELL,0.01,2026-02-23 16:52:41,SELL,-1.3900000000000001,1.3900000000000001,-139.0,0,1,-4.605170185988091,1,2026-02-23,16,0,2,0,1,0,1,0,0
[tp 65399.02000],0.0,1,234000,0,65399.02,13.1,0.0,BTCUSDm,1909432642,2026-02-23T17:04:19,BUY,0.02,2026-02-23 17:04:19,BUY,13.1,13.1,655.0,1,0,-3.912023005428146,1,2026-02-23,17,0,2,1,0,1,0,1,0
[tp 1.17895],0.0,1,234000,0,1.17895,0.78,0.0,EURUSDm,1910377796,2026-02-23T20:39:57,BUY,0.01,2026-02-23 20:39:57,BUY,0.78,0.78,78.0,1,0,-4.605170185988091,1,2026-02-23,20,0,2,1,0,1,0,0,0
[sl 5233.801],0.0,1,234000,2413468330,5233.801,-9.77,0.0,XAUUSDm,1910910916,2026-02-24T01:00:06,SELL,0.01,2026-02-24 01:00:06,SELL,-9.77,9.77,-976.9999999999999,0,1,-4.605170185988091,1,2026-02-24,1,1,2,0,1,0,1,0,0
[sl 5208.439],0.0,1,234000,2413661245,5208.3240000000005,-19.69,0.0,XAUUSDm,1911057285,2026-02-24T02:00:06,SELL,0.01,2026-02-24 02:00:06,SELL,-19.69,19.69,-1969.0,0,1,-4.605170185988091,1,2026-02-24,2,1,2,0,1,0,1,0,1
[sl 66.04700],0.0,1,234000,0,66.047,-2.2800000000000002,0.0,USOILm,1911147353,2026-02-24T02:16:30,SELL,0.01,2026-02-24 02:16:30,SELL,-2.2800000000000002,2.2800000000000002,-228.00000000000003,0,1,-4.605170185988091,1,2026-02-24,2,1,2,0,1,0,1,0,0
[tp 63000.79000],0.0,1,234000,0,63000.79,33.78,0.0,BTCUSDm,1911514536,2026-02-24T05:14:31,BUY,0.02,2026-02-24 05:14:31,BUY,33.78,33.78,1689.0,1,0,-3.912023005428146,1,2026-02-24,5,1,2,1,0,1,0,1,0
[sl 66.71800],0.0,1,234000,0,66.718,-1.02,0.0,USOILm,1911586053,2026-02-24T06:00:45,SELL,0.01,2026-02-24 06:00:45,SELL,-1.02,1.02,-102.0,0,1,-4.605170185988091,1,2026-02-24,6,1,2,0,1,0,1,0,0
[tp 66.77900],0.0,1,234000,0,66.779,0.78,0.0,USOILm,1911671159,2026-02-24T06:41:03,SELL,0.01,2026-02-24 06:41:03,SELL,0.78,0.78,78.0,0,1,-4.605170185988091,1,2026-02-24,6,1,2,1,0,1,0,0,0
[sl 5179.484],0.0,1,234000,2414566348,5179.484,-10.8,0.0,XAUUSDm,1911700837,2026-02-24T06:54:22,BUY,0.01,2026-02-24 06:54:22,BUY,-10.8,10.8,-1080.0,1,0,-4.605170185988091,1,2026-02-24,6,1,2,0,1,0,1,0,1
[sl 66.71400],0.0,1,234000,0,66.714,-0.64,0.0,USOILm,1911752650,2026-02-24T07:12:32,SELL,0.01,2026-02-24 07:12:32,SELL,-0.64,0.64,-64.0,0,1,-4.605170185988091,1,2026-02-24,7,1,2,0,1,0,1,0,0
[sl 5181.045],0.0,1,234000,2414947469,5181.045,-11.79,0.0,XAUUSDm,1912014017,2026-02-24T08:28:34,BUY,0.01,2026-02-24 08:28:34,BUY,-11.79,11.79,-1179.0,1,0,-4.605170185988091,1,2026-02-24,8,1,2,0,1,0,1,0,1
[sl 190.02],0.0,1,234000,2416322169,189.61,-1.98,-0.03,NVDAm,1913175737,2026-02-24T13:21:28,SELL,0.01,2026-02-24 13:21:28,SELL,-2.01,2.01,-200.99999999999997,0,1,-4.605170185988091,1,2026-02-24,13,1,2,0,1,0,1,0,0
[sl 63821.18000],0.0,1,234000,0,63821.18,-17.03,0.0,BTCUSDm,1914295875,2026-02-24T15:53:02,BUY,0.02,2026-02-24 15:53:02,BUY,-17.03,17.03,-851.5,1,0,-3.912023005428146,1,2026-02-24,15,1,2,0,1,0,1,0,1
[tp 65.98100],0.0,1,234000,0,65.981,0.68,0.0,USOILm,1916072624,2026-02-25T00:03:09,BUY,0.01,2026-02-25 00:03:09,BUY,0.68,0.68,68.0,1,0,-4.605170185988091,1,2026-02-25,0,2,2,1,0,1,0,0,0
[sl 5146.354],0.0,1,234000,2419996600,5146.354,-9.94,0.0,XAUUSDm,1916149621,2026-02-25T00:42:46,BUY,0.01,2026-02-25 00:42:46,BUY,-9.94,9.94,-993.9999999999999,1,0,-4.605170185988091,1,2026-02-25,0,2,2,0,1,0,1,0,0
[tp 65.95700],0.0,1,234000,0,65.957,0.32,0.0,USOILm,1916182929,2026-02-25T01:01:45,BUY,0.01,2026-02-25 01:01:45,BUY,0.32,0.32,32.0,1,0,-4.605170185988091,1,2026-02-25,1,2,2,1,0,1,0,0,0
[sl 63947.38000],0.0,1,234000,0,63947.12,-4.5,0.0,BTCUSDm,1916205050,2026-02-25T01:13:54,SELL,0.02,2026-02-25 01:13:54,SELL,-4.5,4.5,-225.0,0,1,-3.912023005428146,1,2026-02-25,1,2,2,0,1,0,1,0,0
[sl 5153.447],0.0,1,234000,2420152424,5153.447,-13.15,0.0,XAUUSDm,1916244929,2026-02-25T01:38:16,BUY,0.01,2026-02-25 01:38:16,BUY,-13.15,13.15,-1315.0,1,0,-4.605170185988091,1,2026-02-25,1,2,2,0,1,0,1,0,1
[sl 64335.64000],0.0,1,234000,0,64335.64,-7.33,0.0,BTCUSDm,1916272510,2026-02-25T01:55:55,BUY,0.02,2026-02-25 01:55:55,BUY,-7.33,7.33,-366.5,1,0,-3.912023005428146,1,2026-02-25,1,2,2,0,1,0,1,0,0
[sl 1.18099],0.0,1,234000,0,1.18099,-2.37,0.0,EURUSDm,1919793332,2026-02-25T18:07:48,BUY,0.01,2026-02-25 18:07:48,BUY,-2.37,2.37,-237.0,1,0,-4.605170185988091,1,2026-02-25,18,2,2,0,1,0,1,0,0
[sl 65.70300],0.0,1,234000,0,65.703,-0.76,0.0,USOILm,1920981087,2026-02-26T01:22:32,BUY,0.01,2026-02-26 01:22:32,BUY,-0.76,0.76,-76.0,1,0,-4.605170185988091,1,2026-02-26,1,3,2,0,1,0,1,0,0
[sl 5182.600],0.0,1,234000,2426105274,5182.6,-13.75,0.0,XAUUSDm,1920987996,2026-02-26T01:24:29,BUY,0.01,2026-02-26 01:24:29,BUY,-13.75,13.75,-1375.0,1,0,-4.605170185988091,1,2026-02-26,1,3,2,0,1,0,1,0,1
[sl 68009.12000],0.0,1,234000,0,68009.12,-9.59,0.0,BTCUSDm,1921025875,2026-02-26T01:41:09,SELL,0.02,2026-02-26 01:41:09,SELL,-9.59,9.59,-479.5,0,1,-3.912023005428146,1,2026-02-26,1,3,2,0,1,0,1,0,0
[tp 1.18211],0.0,1,234000,0,1.18211,0.92,0.0,EURUSDm,1921088868,2026-02-26T02:17:52,SELL,0.01,2026-02-26 02:17:52,SELL,0.92,0.92,92.0,0,1,-4.605170185988091,1,2026-02-26,2,3,2,1,0,1,0,0,0
[sl 74.620],0.0,1,234000,2455425783,74.62,-7.6899999999999995,0.0,USOILm,1945591820,2026-03-03T19:02:20,SELL,0.01,2026-03-03 19:02:20,SELL,-7.6899999999999995,7.6899999999999995,-768.9999999999999,0,1,-4.605170185988091,1,2026-03-03,19,1,3,0,1,0,1,0,0
[sl 5117.54500],0.0,1,234000,0,5117.545,-31.36,0.0,XAUUSDm,1945731024,2026-03-03T19:29:25,BUY,0.01,2026-03-03 19:29:25,BUY,-31.36,31.36,-3136.0,1,0,-4.605170185988091,1,2026-03-03,19,1,3,0,1,0,1,0,1
[sl 5165.07700],0.0,1,234000,0,5165.077,-20.63,0.0,XAUUSDm,1947221671,2026-03-04T04:22:02,BUY,0.01,2026-03-04 04:22:02,BUY,-20.63,20.63,-2063.0,1,0,-4.605170185988091,1,2026-03-04,4,2,3,0,1,0,1,0,1
[tp 5131.24100],0.0,1,234000,0,5131.241,22.53,0.0,XAUUSDm,1947591298,2026-03-04T07:06:21,BUY,0.01,2026-03-04 07:06:21,BUY,22.53,22.53,2253.0,1,0,-4.605170185988091,1,2026-03-04,7,2,3,1,0,1,0,1,0
[tp 75.70000],0.0,1,234000,0,75.7,13.6,0.0,USOILm,1947656334,2026-03-04T07:22:50,SELL,0.01,2026-03-04 07:22:50,SELL,13.6,13.6,1360.0,0,1,-4.605170185988091,1,2026-03-04,7,2,3,1,0,1,0,1,0
[sl 75.66100],0.0,1,234000,0,75.661,-1.8399999999999999,0.0,USOILm,1947686143,2026-03-04T07:30:42,SELL,0.01,2026-03-04 07:30:42,SELL,-1.8399999999999999,1.8399999999999999,-183.99999999999997,0,1,-4.605170185988091,1,2026-03-04,7,2,3,0,1,0,1,0,0
[sl 75.907],0.0,1,234000,2457980332,75.907,-1.77,0.0,USOILm,1947897210,2026-03-04T08:24:57,SELL,0.01,2026-03-04 08:24:57,SELL,-1.77,1.77,-177.0,0,1,-4.605170185988091,1,2026-03-04,8,2,3,0,1,0,1,0,0
[tp 75.90400],0.0,1,234000,0,75.904,3.56,0.0,USOILm,1948188956,2026-03-04T09:28:35,SELL,0.01,2026-03-04 09:28:35,SELL,3.56,3.56,356.0,0,1,-4.605170185988091,1,2026-03-04,9,2,3,1,0,1,0,0,0
[tp 70176.48000],0.0,1,234000,0,70176.48,39.19,0.0,BTCUSDm,1948269118,2026-03-04T09:46:09,SELL,0.02,2026-03-04 09:46:09,SELL,39.19,39.19,1959.4999999999998,0,1,-3.912023005428146,1,2026-03-04,9,2,3,1,0,1,0,1,0
[tp 71524.12000],0.0,1,234000,0,71524.12,18.25,0.0,BTCUSDm,1948517998,2026-03-04T10:34:52,SELL,0.02,2026-03-04 10:34:52,SELL,18.25,18.25,912.5,0,1,-3.912023005428146,1,2026-03-04,10,2,3,1,0,1,0,1,0
[sl 181.52000],0.0,1,234000,0,183.26000000000002,-2.81,-0.04,NVDAm,1948925227,2026-03-04T12:00:28,BUY,0.01,2026-03-04 12:00:28,BUY,-2.85,2.85,-285.0,1,0,-4.605170185988091,1,2026-03-04,12,2,3,0,1,0,1,0,0
[sl 1.16523],0.0,1,234000,0,1.16523,-5.07,0.0,EURUSDm,1949010443,2026-03-04T12:24:29,BUY,0.01,2026-03-04 12:24:29,BUY,-5.07,5.07,-507.0,1,0,-4.605170185988091,1,2026-03-04,12,2,3,0,1,0,1,0,0
[sl 70796.61000],0.0,1,234000,0,70796.61,-14.02,0.0,BTCUSDm,1949212607,2026-03-04T13:17:22,SELL,0.02,2026-03-04 13:17:22,SELL,-14.02,14.02,-701.0,0,1,-3.912023005428146,1,2026-03-04,13,2,3,0,1,0,1,0,1
[tp 71695.17000],0.0,1,234000,0,71695.17,11.17,0.0,BTCUSDm,1949876094,2026-03-04T15:07:05,SELL,0.02,2026-03-04 15:07:05,SELL,11.17,11.17,558.5,0,1,-3.912023005428146,1,2026-03-04,15,2,3,1,0,1,0,1,0
[tp 72087.29000],0.0,1,234000,0,72087.29,10.24,0.0,BTCUSDm,1950035825,2026-03-04T15:30:55,SELL,0.02,2026-03-04 15:30:55,SELL,10.24,10.24,512.0,0,1,-3.912023005428146,1,2026-03-04,15,2,3,1,0,1,0,1,0
[sl 1.16238],0.0,1,234000,0,1.16238,-1.22,0.0,EURUSDm,1950090458,2026-03-04T15:35:46,SELL,0.01,2026-03-04 15:35:46,SELL,-1.22,1.22,-122.0,0,1,-4.605170185988091,1,2026-03-04,15,2,3,0,1,0,1,0,0
[sl 181.12000],0.0,1,234000,0,181.1,-1.62,0.0,NVDAm,1950290334,2026-03-04T15:56:46,SELL,0.01,2026-03-04 15:56:46,SELL,-1.62,1.62,-162.0,0,1,-4.605170185988091,1,2026-03-04,15,2,3,0,1,0,1,0,0
[sl 1.16273],0.0,1,234000,0,1.16273,-1.38,0.0,EURUSDm,1951213450,2026-03-04T18:30:56,SELL,0.01,2026-03-04 18:30:56,SELL,-1.38,1.38,-138.0,0,1,-4.605170185988091,1,2026-03-04,18,2,3,0,1,0,1,0,0
[sl 1.16180],0.0,1,234000,0,1.1618,-0.9,0.0,EURUSDm,1954495349,2026-03-05T13:20:18,BUY,0.01,2026-03-05 13:20:18,BUY,-0.9,0.9,-90.0,1,0,-4.605170185988091,1,2026-03-05,13,3,3,0,1,0,1,0,0
[sl 76.00500],0.0,1,234000,0,76.005,-3.44,0.0,USOILm,1954495527,2026-03-05T13:20:19,SELL,0.01,2026-03-05 13:20:19,SELL,-3.44,3.44,-344.0,0,1,-4.605170185988091,1,2026-03-05,13,3,3,0,1,0,1,0,0
[sl 76.18000],0.0,1,234000,0,76.18,-1.5699999999999998,0.0,USOILm,1954705632,2026-03-05T14:06:30,SELL,0.01,2026-03-05 14:06:30,SELL,-1.5699999999999998,1.5699999999999998,-156.99999999999997,0,1,-4.605170185988091,1,2026-03-05,14,3,3,0,1,0,1,0,0
[tp 5134.35600],0.0,1,234000,0,5134.356,27.02,0.0,XAUUSDm,1954781875,2026-03-05T14:17:04,BUY,0.01,2026-03-05 14:17:04,BUY,27.02,27.02,2702.0,1,0,-4.605170185988091,1,2026-03-05,14,3,3,1,0,1,0,1,0
[tp 76.66900],0.0,1,234000,0,76.669,3.5300000000000002,0.0,USOILm,1955220497,2026-03-05T15:06:23,SELL,0.01,2026-03-05 15:06:23,SELL,3.5300000000000002,3.5300000000000002,353.0,0,1,-4.605170185988091,1,2026-03-05,15,3,3,1,0,1,0,0,0
[sl 72189.27000],0.0,1,234000,0,72186.84,-14.21,0.0,BTCUSDm,1955441391,2026-03-05T15:39:25,SELL,0.02,2026-03-05 15:39:25,SELL,-14.21,14.21,-710.5,0,1,-3.912023005428146,1,2026-03-05,15,3,3,0,1,0,1,0,1
[sl 76.913],0.0,1,234000,2466187300,76.913,-2.05,0.0,USOILm,1955599012,2026-03-05T15:57:07,SELL,0.01,2026-03-05 15:57:07,SELL,-2.05,2.05,-204.99999999999997,0,1,-4.605170185988091,1,2026-03-05,15,3,3,0,1,0,1,0,0
[sl 72717.73000],0.0,1,234000,0,72721.24,-10.93,0.0,BTCUSDm,1955608832,2026-03-05T15:58:20,BUY,0.02,2026-03-05 15:58:20,BUY,-10.93,10.93,-546.5,1,0,-3.912023005428146,1,2026-03-05,15,3,3,0,1,0,1,0,1
[tp 5070.68300],0.0,1,234000,0,5069.586,50.04,0.0,XAUUSDm,1955726206,2026-03-05T16:08:48,BUY,0.01,2026-03-05 16:08:48,BUY,50.04,50.04,5004.0,1,0,-4.605170185988091,1,2026-03-05,16,3,3,1,0,1,0,1,0
[sl 180.98000],0.0,1,234000,0,180.98,-1.28,0.0,NVDAm,1955917756,2026-03-05T16:30:47,SELL,0.01,2026-03-05 16:30:47,SELL,-1.28,1.28,-128.0,0,1,-4.605170185988091,1,2026-03-05,16,3,3,0,1,0,1,0,0
[sl 1.15884],0.0,1,234000,0,1.15884,-1.69,0.0,EURUSDm,1956606197,2026-03-05T18:24:05,BUY,0.01,2026-03-05 18:24:05,BUY,-1.69,1.69,-169.0,1,0,-4.605170185988091,1,2026-03-05,18,3,3,0,1,0,1,0,0
[sl 77.86400],0.0,1,234000,0,77.864,-4.96,0.0,USOILm,1957856989,2026-03-06T00:56:20,SELL,0.01,2026-03-06 00:56:20,SELL,-4.96,4.96,-496.0,0,1,-4.605170185988091,1,2026-03-06,0,4,3,0,1,0,1,0,0
[tp 70586.12000],0.0,1,234000,0,70586.12,22.19,0.0,BTCUSDm,1958012155,2026-03-06T02:26:51,BUY,0.02,2026-03-06 02:26:51,BUY,22.19,22.19,1109.5,1,0,-3.912023005428146,1,2026-03-06,2,4,3,1,0,1,0,1,0
[sl 70765.17000],0.0,1,234000,0,70772.2,-5.75,0.0,BTCUSDm,1958020256,2026-03-06T02:31:17,BUY,0.02,2026-03-06 02:31:17,BUY,-5.75,5.75,-287.5,1,0,-3.912023005428146,1,2026-03-06,2,4,3,0,1,0,1,0,0
[tp 1.16170],0.0,1,234000,0,1.1617,0.76,0.0,EURUSDm,1958037771,2026-03-06T02:37:33,SELL,0.01,2026-03-06 02:37:33,SELL,0.76,0.76,76.0,0,1,-4.605170185988091,1,2026-03-06,2,4,3,1,0,1,0,0,0
[sl 5112.57400],0.0,1,234000,0,5112.574,-29.4,0.0,XAUUSDm,1958046533,2026-03-06T02:40:23,BUY,0.01,2026-03-06 02:40:23,BUY,-29.4,29.4,-2940.0,1,0,-4.605170185988091,1,2026-03-06,2,4,3,0,1,0,1,0,1
[sl 102.299],0.0,1,234000,2476487832,102.299,-13.03,0.0,USOILm,1965518131,2026-03-09T00:04:08,SELL,0.01,2026-03-09 00:04:08,SELL,-13.03,13.03,-1303.0,0,1,-4.605170185988091,1,2026-03-09,0,0,3,0,1,0,1,0,1
[sl 103.085],0.0,1,234000,2476792170,103.085,-8.86,0.0,USOILm,1965806363,2026-03-09T01:09:07,SELL,0.01,2026-03-09 01:09:07,SELL,-8.86,8.86,-885.9999999999999,0,1,-4.605170185988091,1,2026-03-09,1,0,3,0,1,0,1,0,0
[tp 105.70500],0.0,1,234000,0,105.705,8.33,0.0,USOILm,1965936794,2026-03-09T01:43:41,SELL,0.01,2026-03-09 01:43:41,SELL,8.33,8.33,833.0,0,1,-4.605170185988091,1,2026-03-09,1,0,3,1,0,1,0,0,0
[tp 5024.66800],0.0,1,234000,0,5024.668,49.95,0.0,XAUUSDm,1965990812,2026-03-09T02:00:22,BUY,0.01,2026-03-09 02:00:22,BUY,49.95,49.95,4995.0,1,0,-4.605170185988091,1,2026-03-09,2,0,3,1,0,1,0,1,0
[tp 106.10600],0.0,1,234000,0,106.106,7.0,0.0,USOILm,1966133200,2026-03-09T02:41:09,SELL,0.01,2026-03-09 02:41:09,SELL,7.0,7.0,700.0,0,1,-4.605170185988091,1,2026-03-09,2,0,3,1,0,1,0,0,0
[sl 66933.17000],0.0,1,234000,0,66933.17,-13.77,0.0,BTCUSDm,1966298066,2026-03-09T04:04:18,BUY,0.02,2026-03-09 04:04:18,BUY,-13.77,13.77,-688.5,1,0,-3.912023005428146,1,2026-03-09,4,0,3,0,1,0,1,0,1
[sl 67119.59000],0.0,1,234000,0,67113.4,-7.57,0.0,BTCUSDm,1966484890,2026-03-09T05:59:48,SELL,0.02,2026-03-09 05:59:48,SELL,-7.57,7.57,-378.5,0,1,-3.912023005428146,1,2026-03-09,5,0,3,0,1,0,1,0,0
[tp 67714.75000],0.0,1,234000,0,67714.75,10.22,0.0,BTCUSDm,1966617978,2026-03-09T06:41:58,SELL,0.02,2026-03-09 06:41:58,SELL,10.22,10.22,511.0,0,1,-3.912023005428146,1,2026-03-09,6,0,3,1,0,1,0,1,0
[sl 5120.82500],0.0,1,234000,0,5120.825,-51.25,0.0,XAUUSDm,1966632120,2026-03-09T06:44:41,BUY,0.01,2026-03-09 06:44:41,BUY,-51.25,51.25,-5125.0,1,0,-4.605170185988091,1,2026-03-09,6,0,3,0,1,0,1,0,1
[sl 1.15640],0.0,1,234000,0,1.1564,-2.57,0.0,EURUSDm,1966649368,2026-03-09T06:48:10,BUY,0.01,2026-03-09 06:48:10,BUY,-2.57,2.57,-257.0,1,0,-4.605170185988091,1,2026-03-09,6,0,3,0,1,0,1,0,0
[sl 67508.02000],0.0,1,234000,0,67508.02,-8.37,0.0,BTCUSDm,1966753632,2026-03-09T07:20:46,SELL,0.02,2026-03-09 07:20:46,SELL,-8.37,8.37,-418.49999999999994,0,1,-3.912023005428146,1,2026-03-09,7,0,3,0,1,0,1,0,0
[sl 86.667],0.0,1,234000,2482955068,86.667,-7.22,0.0,USOILm,1971578913,2026-03-10T00:24:52,BUY,0.01,2026-03-10 00:24:52,BUY,-7.22,7.22,-722.0,1,0,-4.605170185988091,1,2026-03-10,0,1,3,0,1,0,1,0,0
[sl 5128.46000],0.0,1,234000,0,5128.46,-17.55,0.0,XAUUSDm,1971691505,2026-03-10T01:31:54,SELL,0.01,2026-03-10 01:31:54,SELL,-17.55,17.55,-1755.0,0,1,-4.605170185988091,1,2026-03-10,1,1,3,0,1,0,1,0,1
[sl 1.16085],0.0,1,234000,0,1.16085,-2.13,0.0,EURUSDm,1972048035,2026-03-10T04:47:16,SELL,0.01,2026-03-10 04:47:16,SELL,-2.13,2.13,-212.99999999999997,0,1,-4.605170185988091,1,2026-03-10,4,1,3,0,1,0,1,0,0
[sl 86.760],0.0,1,234000,2488089825,86.76,-2.5,0.0,USOILm,1976290858,2026-03-11T00:02:35,SELL,0.01,2026-03-11 00:02:35,SELL,-2.5,2.5,-250.0,0,1,-4.605170185988091,1,2026-03-11,0,2,3,0,1,0,1,0,0
[sl 1.16097],0.0,1,234000,0,1.16097,-0.39,0.0,EURUSDm,1976308468,2026-03-11T00:13:20,BUY,0.01,2026-03-11 00:13:20,BUY,-0.39,0.39,-39.0,1,0,-4.605170185988091,1,2026-03-11,0,2,3,0,1,0,1,0,0
[sl 69994.09000],0.0,1,234000,0,69997.58,-5.43,0.0,BTCUSDm,1976352314,2026-03-11T00:45:28,BUY,0.02,2026-03-11 00:45:28,BUY,-5.43,5.43,-271.5,1,0,-3.912023005428146,1,2026-03-11,0,2,3,0,1,0,1,0,0
[tp 83.92300],0.0,1,234000,0,83.923,8.55,0.0,USOILm,1976386834,2026-03-11T01:09:24,BUY,0.01,2026-03-11 01:09:24,BUY,8.55,8.55,855.0,1,0,-4.605170185988091,1,2026-03-11,1,2,3,1,0,1,0,0,0
[sl 82.53400],0.0,1,234000,0,82.534,-4.5,0.0,USOILm,1976440954,2026-03-11T01:38:08,BUY,0.01,2026-03-11 01:38:08,BUY,-4.5,4.5,-450.0,1,0,-4.605170185988091,1,2026-03-11,1,2,3,0,1,0,1,0,0
[sl 83.23300],0.0,1,234000,0,83.233,-6.38,0.0,USOILm,1976574031,2026-03-11T03:13:57,BUY,0.01,2026-03-11 03:13:57,BUY,-6.38,6.38,-638.0,1,0,-4.605170185988091,1,2026-03-11,3,2,3,0,1,0,1,0,0
[tp 69665.86000],0.0,1,234000,0,69665.86,5.92,0.0,BTCUSDm,1976602829,2026-03-11T03:38:37,BUY,0.02,2026-03-11 03:38:37,BUY,5.92,5.92,296.0,1,0,-3.912023005428146,1,2026-03-11,3,2,3,1,0,1,0,0,0
[sl 69956.30000],0.0,1,234000,0,69959.05,-4.8,0.0,BTCUSDm,1976716467,2026-03-11T05:26:33,BUY,0.02,2026-03-11 05:26:33,BUY,-4.8,4.8,-240.0,1,0,-3.912023005428146,1,2026-03-11,5,2,3,0,1,0,1,0,0
[sl 69774.56000],0.0,1,234000,0,69773.31,-8.66,0.0,BTCUSDm,1976828522,2026-03-11T06:39:49,SELL,0.02,2026-03-11 06:39:49,SELL,-8.66,8.66,-433.0,0,1,-3.912023005428146,1,2026-03-11,6,2,3,0,1,0,1,0,0
[sl 1.16143],0.0,1,234000,0,1.16143,-1.37,0.0,EURUSDm,1977201054,2026-03-11T08:57:30,SELL,0.01,2026-03-11 08:57:30,SELL,-1.37,1.37,-137.0,0,1,-4.605170185988091,1,2026-03-11,8,2,3,0,1,0,1,0,0
[sl 5141.22500],0.0,1,234000,0,5141.225,-48.26,0.0,XAUUSDm,1981066247,2026-03-11T23:56:26,SELL,0.01,2026-03-11 23:56:26,SELL,-48.26,48.26,-4826.0,0,1,-4.605170185988091,1,2026-03-11,23,2,3,0,1,0,1,0,1
[tp 91.04500],0.0,1,234000,0,91.045,7.63,0.0,USOILm,1981126516,2026-03-12T00:09:22,SELL,0.01,2026-03-12 00:09:22,SELL,7.63,7.63,763.0,0,1,-4.605170185988091,1,2026-03-12,0,3,3,1,0,1,0,0,0
[sl 91.91800],0.0,1,234000,0,91.918,-4.63,0.0,USOILm,1981238658,2026-03-12T00:55:39,SELL,0.01,2026-03-12 00:55:39,SELL,-4.63,4.63,-463.0,0,1,-4.605170185988091,1,2026-03-12,0,3,3,0,1,0,1,0,0
[tp 1.15366],0.0,1,234000,0,1.15366,1.3599999999999999,0.0,EURUSDm,1981273920,2026-03-12T01:07:41,BUY,0.01,2026-03-12 01:07:41,BUY,1.3599999999999999,1.3599999999999999,135.99999999999997,1,0,-4.605170185988091,1,2026-03-12,1,3,3,1,0,1,0,0,0
[sl 5165.15800],0.0,1,234000,0,5165.158,-17.52,0.0,XAUUSDm,1981360296,2026-03-12T02:01:26,BUY,0.01,2026-03-12 02:01:26,BUY,-17.52,17.52,-1752.0,1,0,-4.605170185988091,1,2026-03-12,2,3,3,0,1,0,1,0,1
[sl 91.20000],0.0,1,234000,0,91.2,-8.07,0.0,USOILm,1981394947,2026-03-12T02:17:44,SELL,0.01,2026-03-12 02:17:44,SELL,-8.07,8.07,-807.0,0,1,-4.605170185988091,1,2026-03-12,2,3,3,0,1,0,1,0,0
[tp 91.08400],0.0,1,234000,0,91.084,3.63,0.0,USOILm,1982838543,2026-03-12T12:27:24,SELL,0.01,2026-03-12 12:27:24,SELL,3.63,3.63,363.0,0,1,-4.605170185988091,1,2026-03-12,12,3,3,1,0,1,0,0,0
[sl 5173.65200],0.0,1,234000,0,5173.652,-7.6899999999999995,0.0,XAUUSDm,1982974556,2026-03-12T13:05:10,SELL,0.01,2026-03-12 13:05:10,SELL,-7.6899999999999995,7.6899999999999995,-768.9999999999999,0,1,-4.605170185988091,1,2026-03-12,13,3,3,0,1,0,1,0,0
[tp 96.03200],0.0,1,234000,0,96.032,6.6,0.0,USOILm,1985982615,2026-03-13T00:23:22,SELL,0.01,2026-03-13 00:23:22,SELL,6.6,6.6,660.0,0,1,-4.605170185988091,1,2026-03-13,0,4,3,1,0,1,0,0,0
[sl 95.28500],0.0,1,234000,0,95.285,-4.99,0.0,USOILm,1986036288,2026-03-13T01:00:43,SELL,0.01,2026-03-13 01:00:43,SELL,-4.99,4.99,-499.0,0,1,-4.605170185988091,1,2026-03-13,1,4,3,0,1,0,1,0,0
[sl 5118.15900],0.0,1,234000,0,5118.159,-22.39,0.0,XAUUSDm,1986145997,2026-03-13T02:00:20,BUY,0.01,2026-03-13 02:00:20,BUY,-22.39,22.39,-2239.0,1,0,-4.605170185988091,1,2026-03-13,2,4,3,0,1,0,1,0,1
[sl 94.58600],0.0,1,234000,0,94.586,-2.83,0.0,USOILm,1986239598,2026-03-13T02:59:31,SELL,0.01,2026-03-13 02:59:31,SELL,-2.83,2.83,-283.0,0,1,-4.605170185988091,1,2026-03-13,2,4,3,0,1,0,1,0,0
[tp 1.14776],0.0,1,234000,0,1.14776,4.14,0.0,EURUSDm,1986782436,2026-03-13T08:06:17,BUY,0.01,2026-03-13 08:06:17,BUY,4.14,4.14,413.99999999999994,1,0,-4.605170185988091,1,2026-03-13,8,4,3,1,0,1,0,0,0
[tp 95.83900],0.0,1,234000,0,95.839,2.94,0.0,USOILm,1986807597,2026-03-13T08:13:51,SELL,0.01,2026-03-13 08:13:51,SELL,2.94,2.94,294.0,0,1,-4.605170185988091,1,2026-03-13,8,4,3,1,0,1,0,0,0
[tp 1.14656],0.0,1,234000,0,1.14656,1.06,0.0,EURUSDm,1986928048,2026-03-13T08:47:05,BUY,0.01,2026-03-13 08:47:05,BUY,1.06,1.06,106.0,1,0,-4.605170185988091,1,2026-03-13,8,4,3,1,0,1,0,0,0
[tp 72335.52000],0.0,1,234000,0,72335.52,38.51,0.0,BTCUSDm,1987496715,2026-03-13T11:15:13,SELL,0.02,2026-03-13 11:15:13,SELL,38.51,38.51,1925.4999999999998,0,1,-3.912023005428146,1,2026-03-13,11,4,3,1,0,1,0,1,0
[sl 1.14721],0.0,1,234000,0,1.14721,-1.22,0.0,EURUSDm,1987929228,2026-03-13T13:02:15,BUY,0.01,2026-03-13 13:02:15,BUY,-1.22,1.22,-122.0,1,0,-4.605170185988091,1,2026-03-13,13,4,3,0,1,0,1,0,0
[tp 72914.95000],0.0,1,234000,0,72914.95,7.99,0.0,BTCUSDm,1988157586,2026-03-13T13:48:57,SELL,0.02,2026-03-13 13:48:57,SELL,7.99,7.99,399.5,0,1,-3.912023005428146,1,2026-03-13,13,4,3,1,0,1,0,0,0
[tp 73175.19000],0.0,1,234000,0,73175.19,8.81,0.0,BTCUSDm,1988296517,2026-03-13T14:18:51,SELL,0.02,2026-03-13 14:18:51,SELL,8.81,8.81,440.5,0,1,-3.912023005428146,1,2026-03-13,14,4,3,1,0,1,0,0,0
[sl 184.44000],0.0,1,234000,0,184.44,-1.2,0.0,NVDAm,1988550532,2026-03-13T15:02:38,SELL,0.01,2026-03-13 15:02:38,SELL,-1.2,1.2,-120.0,0,1,-4.605170185988091,1,2026-03-13,15,4,3,0,1,0,1,0,0
[tp 73827.90000],0.0,1,234000,0,73827.9,13.19,0.0,BTCUSDm,1988719768,2026-03-13T15:24:35,SELL,0.02,2026-03-13 15:24:35,SELL,13.19,13.19,659.5,0,1,-3.912023005428146,1,2026-03-13,15,4,3,1,0,1,0,1,0
[sl 73336.30000],0.0,1,234000,0,73334.37,-10.13,0.0,BTCUSDm,1988863301,2026-03-13T15:43:31,SELL,0.02,2026-03-13 15:43:31,SELL,-10.13,10.13,-506.50000000000006,0,1,-3.912023005428146,1,2026-03-13,15,4,3,0,1,0,1,0,1
[tp 1.14287],0.0,1,234000,0,1.14287,3.16,0.0,EURUSDm,1990149215,2026-03-13T20:12:52,BUY,0.01,2026-03-13 20:12:52,BUY,3.16,3.16,316.0,1,0,-4.605170185988091,1,2026-03-13,20,4,3,1,0,1,0,0,0
TradePy Live,0.0,1,0,2503447366,180.43,0.18,0.0,NVDAm,1990228745,2026-03-13T20:43:57,BUY,0.01,2026-03-13 20:43:57,BUY,0.18,0.18,18.0,1,0,-4.605170185988091,0,2026-03-13,20,4,3,0,0,1,0,0,0
[sl 1.14235],0.0,1,234000,0,1.14235,-1.07,0.0,EURUSDm,1991884852,2026-03-15T22:06:05,BUY,0.01,2026-03-15 22:06:05,BUY,-1.07,1.07,-107.0,1,0,-4.605170185988091,1,2026-03-15,22,6,3,0,1,0,1,0,0
[sl 97.61600],0.0,1,234000,0,97.616,-5.05,0.0,USOILm,1992338753,2026-03-16T00:45:52,SELL,0.01,2026-03-16 00:45:52,SELL,-5.05,5.05,-505.0,0,1,-4.605170185988091,1,2026-03-16,0,0,3,0,1,0,1,0,0
[sl 5019.82400],0.0,1,234000,0,5019.824,-30.2,0.0,XAUUSDm,1992400173,2026-03-16T01:02:44,BUY,0.01,2026-03-16 01:02:44,BUY,-30.2,30.2,-3020.0,1,0,-4.605170185988091,1,2026-03-16,1,0,3,0,1,0,1,0,1
[tp 73595.63000],0.0,1,234000,0,73595.63,21.37,0.0,BTCUSDm,1992855209,2026-03-16T04:33:56,SELL,0.02,2026-03-16 04:33:56,SELL,21.37,21.37,1068.5,0,1,-3.912023005428146,1,2026-03-16,4,0,3,1,0,1,0,1,0
[tp 98.90600],0.0,1,234000,0,98.906,14.27,0.0,USOILm,1993427869,2026-03-16T08:30:43,SELL,0.01,2026-03-16 08:30:43,SELL,14.27,14.27,1427.0,0,1,-4.605170185988091,1,2026-03-16,8,0,3,1,0,1,0,1,0
[sl 73028.17000],0.0,1,234000,0,72911.44,-14.4,0.0,BTCUSDm,1993740568,2026-03-16T09:44:57,SELL,0.02,2026-03-16 09:44:57,SELL,-14.4,14.4,-720.0,0,1,-3.912023005428146,1,2026-03-16,9,0,3,0,1,0,1,0,1
[sl 98.224],0.0,1,234000,2507487735,98.224,-8.66,0.0,USOILm,1993790286,2026-03-16T09:56:45,SELL,0.01,2026-03-16 09:56:45,SELL,-8.66,8.66,-866.0,0,1,-4.605170185988091,1,2026-03-16,9,0,3,0,1,0,1,0,0
[sl 97.42500],0.0,1,234000,0,97.425,-10.42,0.0,USOILm,1994008678,2026-03-16T10:47:25,SELL,0.01,2026-03-16 10:47:25,SELL,-10.42,10.42,-1042.0,0,1,-4.605170185988091,1,2026-03-16,10,0,3,0,1,0,1,0,1
[sl 1.14667],0.0,1,234000,0,1.14667,-3.19,0.0,EURUSDm,1994160418,2026-03-16T11:18:57,BUY,0.01,2026-03-16 11:18:57,BUY,-3.19,3.19,-319.0,1,0,-4.605170185988091,1,2026-03-16,11,0,3,0,1,0,1,0,0
[tp 73925.60000],0.0,1,234000,0,73925.6,8.1,0.0,BTCUSDm,1998947382,2026-03-17T10:55:00,BUY,0.02,2026-03-17 10:55:00,BUY,8.1,8.1,405.0,1,0,-3.912023005428146,1,2026-03-17,10,1,3,1,0,1,0,0,0
[sl 5010.32400],0.0,1,234000,0,5010.324,-13.37,0.0,XAUUSDm,1998959330,2026-03-17T10:59:25,SELL,0.01,2026-03-17 10:59:25,SELL,-13.37,13.37,-1337.0,0,1,-4.605170185988091,1,2026-03-17,10,1,3,0,1,0,1,0,1
[tp 1.15431],0.0,1,234000,0,1.15431,2.99,0.0,EURUSDm,1999886953,2026-03-17T14:24:04,SELL,0.01,2026-03-17 14:24:04,SELL,2.99,2.99,299.0,0,1,-4.605170185988091,1,2026-03-17,14,1,3,1,0,1,0,0,0
[sl 1.15330],0.0,1,234000,0,1.1533,-0.78,0.0,EURUSDm,2001987089,2026-03-18T01:40:38,SELL,0.01,2026-03-18 01:40:38,SELL,-0.78,0.78,-78.0,0,1,-4.605170185988091,1,2026-03-18,1,2,3,0,1,0,1,0,0
[tp 93.83700],0.0,1,234000,0,93.837,10.69,0.0,USOILm,2002009155,2026-03-18T01:53:47,BUY,0.01,2026-03-18 01:53:47,BUY,10.69,10.69,1069.0,1,0,-4.605170185988091,1,2026-03-18,1,2,3,1,0,1,0,1,0
[sl 5013.05400],0.0,1,234000,0,5013.054,-13.0,0.0,XAUUSDm,2002041485,2026-03-18T02:10:01,BUY,0.01,2026-03-18 02:10:01,BUY,-13.0,13.0,-1300.0,1,0,-4.605170185988091,1,2026-03-18,2,2,3,0,1,0,1,0,1
[tp 93.52900],0.0,1,234000,0,93.529,7.31,0.0,USOILm,2002160172,2026-03-18T03:44:14,BUY,0.01,2026-03-18 03:44:14,BUY,7.31,7.31,731.0,1,0,-4.605170185988091,1,2026-03-18,3,2,3,1,0,1,0,0,0
[tp 93.05200],0.0,1,234000,0,93.052,5.27,0.0,USOILm,2002243519,2026-03-18T04:47:12,BUY,0.01,2026-03-18 04:47:12,BUY,5.27,5.27,527.0,1,0,-4.605170185988091,1,2026-03-18,4,2,3,1,0,1,0,0,0
[tp 92.45200],0.0,1,234000,0,92.452,6.82,0.0,USOILm,2002254905,2026-03-18T04:57:48,BUY,0.01,2026-03-18 04:57:48,BUY,6.82,6.82,682.0,1,0,-4.605170185988091,1,2026-03-18,4,2,3,1,0,1,0,0,0
[tp 1.15456],0.0,1,234000,0,1.15456,0.86,0.0,EURUSDm,2002452162,2026-03-18T06:52:44,SELL,0.01,2026-03-18 06:52:44,SELL,0.86,0.86,86.0,0,1,-4.605170185988091,1,2026-03-18,6,2,3,1,0,1,0,0,0
[tp 4978.19600],0.0,1,234000,0,4978.196,23.46,0.0,XAUUSDm,2003010468,2026-03-18T09:45:38,BUY,0.01,2026-03-18 09:45:38,BUY,23.46,23.46,2346.0,1,0,-4.605170185988091,1,2026-03-18,9,2,3,1,0,1,0,1,0
[tp 4968.20900],0.0,1,234000,0,4968.209,19.89,0.0,XAUUSDm,2003388776,2026-03-18T11:35:38,BUY,0.01,2026-03-18 11:35:38,BUY,19.89,19.89,1989.0,1,0,-4.605170185988091,1,2026-03-18,11,2,3,1,0,1,0,1,0
[tp 1.15467],0.0,1,234000,0,1.15467,1.12,0.0,EURUSDm,2003651209,2026-03-18T12:10:43,SELL,0.01,2026-03-18 12:10:43,SELL,1.12,1.12,112.00000000000001,0,1,-4.605170185988091,1,2026-03-18,12,2,3,1,0,1,0,0,0
[sl 73221.94000],0.0,1,234000,0,73221.94,-23.08,0.0,BTCUSDm,2003813297,2026-03-18T12:30:57,SELL,0.02,2026-03-18 12:30:57,SELL,-23.08,23.08,-1154.0,0,1,-3.912023005428146,1,2026-03-18,12,2,3,0,1,0,1,0,1
[tp 4913.18600],0.0,1,234000,0,4913.186,54.53,0.0,XAUUSDm,2004138239,2026-03-18T13:09:22,BUY,0.01,2026-03-18 13:09:22,BUY,54.53,54.53,5453.0,1,0,-4.605170185988091,1,2026-03-18,13,2,3,1,0,1,0,1,0
[sl 182.51000],0.0,1,234000,0,182.51,-1.01,0.0,NVDAm,2005071671,2026-03-18T14:57:59,BUY,0.01,2026-03-18 14:57:59,BUY,-1.01,1.01,-101.0,1,0,-4.605170185988091,1,2026-03-18,14,2,3,0,1,0,1,0,0
[sl 1.15252],0.0,1,234000,0,1.15252,-1.48,0.0,EURUSDm,2005122797,2026-03-18T15:05:14,BUY,0.01,2026-03-18 15:05:14,BUY,-1.48,1.48,-148.0,1,0,-4.605170185988091,1,2026-03-18,15,2,3,0,1,0,1,0,0
[tp 71812.96000],0.0,1,234000,0,71812.96,11.74,0.0,BTCUSDm,2005274130,2026-03-18T15:28:20,BUY,0.02,2026-03-18 15:28:20,BUY,11.74,11.74,587.0,1,0,-3.912023005428146,1,2026-03-18,15,2,3,1,0,1,0,1,0
[tp 70973.10000],0.0,1,234000,0,70973.1,13.56,0.0,BTCUSDm,2005479734,2026-03-18T16:01:54,BUY,0.02,2026-03-18 16:01:54,BUY,13.56,13.56,678.0,1,0,-3.912023005428146,1,2026-03-18,16,2,3,1,0,1,0,1,0
[sl 71740.48000],0.0,1,234000,0,71740.48,-10.42,0.0,BTCUSDm,2006101581,2026-03-18T18:39:41,BUY,0.02,2026-03-18 18:39:41,BUY,-10.42,10.42,-521.0,1,0,-3.912023005428146,1,2026-03-18,18,2,3,0,1,0,1,0,1
[tp 1.14644],0.0,1,234000,0,1.14644,5.22,0.0,EURUSDm,2006911741,2026-03-18T21:11:54,BUY,0.01,2026-03-18 21:11:54,BUY,5.22,5.22,522.0,1,0,-4.605170185988091,1,2026-03-18,21,2,3,1,0,1,0,0,0
[sl 71359.78000],0.0,1,234000,0,71360.55,-4.43,0.0,BTCUSDm,2007340435,2026-03-19T00:37:26,BUY,0.02,2026-03-19 00:37:26,BUY,-4.43,4.43,-221.49999999999997,1,0,-3.912023005428146,1,2026-03-19,0,3,3,0,1,0,1,0,0
[sl 1.14679],0.0,1,234000,0,1.14679,-1.5,0.0,EURUSDm,2007376915,2026-03-19T01:01:04,BUY,0.01,2026-03-19 01:01:04,BUY,-1.5,1.5,-150.0,1,0,-4.605170185988091,1,2026-03-19,1,3,3,0,1,0,1,0,0
[sl 96.77400],0.0,1,234000,0,96.774,-10.91,0.0,USOILm,2007585173,2026-03-19T03:08:04,SELL,0.01,2026-03-19 03:08:04,SELL,-10.91,10.91,-1091.0,0,1,-4.605170185988091,1,2026-03-19,3,3,3,0,1,0,1,0,1
[sl 71530.20000],0.0,1,234000,0,71530.2,-7.2,0.0,BTCUSDm,2007667127,2026-03-19T04:19:10,BUY,0.02,2026-03-19 04:19:10,BUY,-7.2,7.2,-360.0,1,0,-3.912023005428146,1,2026-03-19,4,3,3,0,1,0,1,0,0
[tp 4779.45600],0.0,1,234000,0,4779.456,54.92,0.0,XAUUSDm,2008145393,2026-03-19T07:45:58,BUY,0.01,2026-03-19 07:45:58,BUY,54.92,54.92,5492.0,1,0,-4.605170185988091,1,2026-03-19,7,3,3,1,0,1,0,1,0
[sl 1.14701],0.0,1,234000,0,1.14701,-0.8,0.0,EURUSDm,2008272758,2026-03-19T08:08:26,BUY,0.01,2026-03-19 08:08:26,BUY,-0.8,0.8,-80.0,1,0,-4.605170185988091,1,2026-03-19,8,3,3,0,1,0,1,0,0
[tp 70293.75000],0.0,1,234000,0,70293.75,7.12,0.0,BTCUSDm,2008281312,2026-03-19T08:09:36,BUY,0.02,2026-03-19 08:09:36,BUY,7.12,7.12,356.0,1,0,-3.912023005428146,1,2026-03-19,8,3,3,1,0,1,0,0,0
[sl 96.66000],0.0,1,234000,0,96.66,-5.09,0.0,USOILm,2008291244,2026-03-19T08:11:16,BUY,0.01,2026-03-19 08:11:16,BUY,-5.09,5.09,-509.0,1,0,-4.605170185988091,1,2026-03-19,8,3,3,0,1,0,1,0,0
[tp 4716.51900],0.0,1,234000,0,4716.519,50.89,0.0,XAUUSDm,2008603856,2026-03-19T09:05:49,BUY,0.01,2026-03-19 09:05:49,BUY,50.89,50.89,5089.0,1,0,-4.605170185988091,1,2026-03-19,9,3,3,1,0,1,0,1,0
[sl 94.326],0.0,1,234000,2524234852,94.326,-20.27,0.0,USOILm,2009316187,2026-03-19T10:58:11,SELL,0.01,2026-03-19 10:58:11,SELL,-20.27,20.27,-2027.0,0,1,-4.605170185988091,1,2026-03-19,10,3,3,0,1,0,1,0,1
[sl 96.36000],0.0,1,234000,0,96.36,-12.79,0.0,USOILm,2009759895,2026-03-19T12:11:41,BUY,0.01,2026-03-19 12:11:41,BUY,-12.79,12.79,-1279.0,1,0,-4.605170185988091,1,2026-03-19,12,3,3,0,1,0,1,0,1
[tp 179.12000],0.0,1,234000,0,179.10999999999999,3.43,-0.04,NVDAm,2009949495,2026-03-19T12:46:40,BUY,0.01,2026-03-19 12:46:40,BUY,3.39,3.39,339.0,1,0,-4.605170185988091,1,2026-03-19,12,3,3,1,0,1,0,0,0
[sl 1.14774],0.0,1,234000,0,1.14774,-0.95,0.0,EURUSDm,2009972781,2026-03-19T12:51:04,BUY,0.01,2026-03-19 12:51:04,BUY,-0.95,0.95,-95.0,1,0,-4.605170185988091,1,2026-03-19,12,3,3,0,1,0,1,0,0
[tp 4645.88500],0.0,1,234000,0,4644.706,65.33,0.0,XAUUSDm,2010029435,2026-03-19T13:01:48,BUY,0.01,2026-03-19 13:01:48,BUY,65.33,65.33,6533.0,1,0,-4.605170185988091,1,2026-03-19,13,3,3,1,0,1,0,1,0
[tp 69595.93000],0.0,1,234000,0,69595.93,12.49,0.0,BTCUSDm,2010241307,2026-03-19T13:26:55,BUY,0.02,2026-03-19 13:26:55,BUY,12.49,12.49,624.5,1,0,-3.912023005428146,1,2026-03-19,13,3,3,1,0,1,0,1,0
[sl 4629.32500],0.0,1,234000,0,4629.325,-66.21,0.0,XAUUSDm,2011132480,2026-03-19T15:00:15,BUY,0.01,2026-03-19 15:00:15,BUY,-66.21,66.21,-6620.999999999999,1,0,-4.605170185988091,1,2026-03-19,15,3,3,0,1,0,1,0,1
[sl 178.42000],0.0,1,234000,0,178.42,-1.09,0.0,NVDAm,2011289710,2026-03-19T15:16:17,BUY,0.01,2026-03-19 15:16:17,BUY,-1.09,1.09,-109.0,1,0,-4.605170185988091,1,2026-03-19,15,3,3,0,1,0,1,0,0
[tp 1.15317],0.0,1,234000,0,1.15317,2.32,0.0,EURUSDm,2012104676,2026-03-19T17:10:22,SELL,0.01,2026-03-19 17:10:22,SELL,2.32,2.32,231.99999999999997,0,1,-4.605170185988091,1,2026-03-19,17,3,3,1,0,1,0,0,0
[sl 178.60],0.0,1,234000,2527761474,178.61,-0.58,0.0,NVDAm,2012729470,2026-03-19T19:10:44,BUY,0.01,2026-03-19 19:10:44,BUY,-0.58,0.58,-57.99999999999999,1,0,-4.605170185988091,1,2026-03-19,19,3,3,0,1,0,1,0,0
[sl 4660.26600],0.0,1,234000,0,4660.266,-21.46,0.0,XAUUSDm,2013713900,2026-03-20T01:11:47,BUY,0.01,2026-03-20 01:11:47,BUY,-21.46,21.46,-2146.0,1,0,-4.605170185988091,1,2026-03-20,1,4,3,0,1,0,1,0,1
[sl 93.93400],0.0,1,234000,0,93.934,-4.05,0.0,USOILm,2013758589,2026-03-20T01:32:35,BUY,0.01,2026-03-20 01:32:35,BUY,-4.05,4.05,-405.0,1,0,-4.605170185988091,1,2026-03-20,1,4,3,0,1,0,1,0,0
[sl 1.15667],0.0,1,234000,0,1.15667,-2.12,0.0,EURUSDm,2013896672,2026-03-20T02:38:22,SELL,0.01,2026-03-20 02:38:22,SELL,-2.12,2.12,-212.0,0,1,-4.605170185988091,1,2026-03-20,2,4,3,0,1,0,1,0,0
[sl 70800.09000],0.0,1,234000,0,70813.25,-12.31,0.0,BTCUSDm,2015795278,2026-03-20T12:11:54,BUY,0.02,2026-03-20 12:11:54,BUY,-12.31,12.31,-615.5,1,0,-3.912023005428146,1,2026-03-20,12,4,3,0,1,0,1,0,1
[tp 4434.98400],0.0,1,234000,0,4434.984,90.15,0.0,XAUUSDm,2021078776,2026-03-23T01:05:33,BUY,0.01,2026-03-23 01:05:33,BUY,90.15,90.15,9015.0,1,0,-4.605170185988091,1,2026-03-23,1,0,3,1,0,1,0,1,0
[tp 4331.57700],0.0,1,234000,0,4331.577,46.01,0.0,XAUUSDm,2021961531,2026-03-23T06:30:40,BUY,0.01,2026-03-23 06:30:40,BUY,46.01,46.01,4601.0,1,0,-4.605170185988091,1,2026-03-23,6,0,3,1,0,1,0,1,0
[tp 4288.82000],0.0,1,234000,0,4288.82,43.71,0.0,XAUUSDm,2022096885,2026-03-23T07:03:06,BUY,0.01,2026-03-23 07:03:06,BUY,43.71,43.71,4371.0,1,0,-4.605170185988091,1,2026-03-23,7,0,3,1,0,1,0,1,0
[tp 100.84400],0.0,1,234000,0,100.844,34.12,0.0,USOILm,2022752988,2026-03-23T08:30:18,SELL,0.01,2026-03-23 08:30:18,SELL,34.12,34.12,3411.9999999999995,0,1,-4.605170185988091,1,2026-03-23,8,0,3,1,0,1,0,1,0
[sl 100.34200],0.0,1,234000,0,100.342,-5.31,0.0,USOILm,2022961655,2026-03-23T09:00:00,SELL,0.01,2026-03-23 09:00:00,SELL,-5.31,5.31,-531.0,0,1,-4.605170185988091,1,2026-03-23,9,0,3,0,1,0,1,0,0
[sl 98.00100],0.0,1,234000,0,98.001,-11.51,0.0,USOILm,2023483206,2026-03-23T10:11:31,SELL,0.01,2026-03-23 10:11:31,SELL,-11.51,11.51,-1151.0,0,1,-4.605170185988091,1,2026-03-23,10,0,3,0,1,0,1,0,1
[sl 4272.87500],0.0,1,234000,0,4272.875,-93.18,0.0,XAUUSDm,2023506151,2026-03-23T10:15:15,BUY,0.01,2026-03-23 10:15:15,BUY,-93.18,93.18,-9318.0,1,0,-4.605170185988091,1,2026-03-23,10,0,3,0,1,0,1,0,1
[sl 1.15151],0.0,1,234000,0,1.15151,-4.31,0.0,EURUSDm,2023572681,2026-03-23T10:24:38,SELL,0.01,2026-03-23 10:24:38,SELL,-4.31,4.31,-430.99999999999994,0,1,-4.605170185988091,1,2026-03-23,10,0,3,0,1,0,1,0,0
[sl 68925.51000],0.0,1,234000,0,68925.51,-12.89,0.0,BTCUSDm,2024293731,2026-03-23T12:05:21,BUY,0.02,2026-03-23 12:05:21,BUY,-12.89,12.89,-644.5,1,0,-3.912023005428146,1,2026-03-23,12,0,3,0,1,0,1,0,1
[sl 88.402],0.0,1,234000,2544929220,88.402,-3.07,0.0,USOILm,2029081166,2026-03-24T00:45:11,BUY,0.01,2026-03-24 00:45:11,BUY,-3.07,3.07,-307.0,1,0,-4.605170185988091,1,2026-03-24,0,1,3,0,1,0,1,0,0
[sl 1.16078],0.0,1,234000,0,1.16078,-0.74,0.0,EURUSDm,2029081975,2026-03-24T00:45:34,SELL,0.01,2026-03-24 00:45:34,SELL,-0.74,0.74,-74.0,0,1,-4.605170185988091,1,2026-03-24,0,1,3,0,1,0,1,0,0
[sl 4388.05700],0.0,1,234000,0,4388.057,-37.96,0.0,XAUUSDm,2029175589,2026-03-24T01:27:29,SELL,0.01,2026-03-24 01:27:29,SELL,-37.96,37.96,-3796.0,0,1,-4.605170185988091,1,2026-03-24,1,1,3,0,1,0,1,0,1
[sl 70497.96000],0.0,1,234000,0,70497.61,-5.02,0.0,BTCUSDm,2029210931,2026-03-24T01:38:58,SELL,0.02,2026-03-24 01:38:58,SELL,-5.02,5.02,-250.99999999999997,0,1,-3.912023005428146,1,2026-03-24,1,1,3,0,1,0,1,0,0
[tp 4515.97400],0.0,1,234000,0,4515.974,31.78,0.0,XAUUSDm,2035103596,2026-03-25T00:36:12,SELL,0.01,2026-03-25 00:36:12,SELL,31.78,31.78,3178.0,0,1,-4.605170185988091,1,2026-03-25,0,2,3,1,0,1,0,1,0
[tp 1.16267],0.0,1,234000,0,1.16267,1.21,0.0,EURUSDm,2035199722,2026-03-25T01:12:22,SELL,0.01,2026-03-25 01:12:22,SELL,1.21,1.21,121.0,0,1,-4.605170185988091,1,2026-03-25,1,2,3,1,0,1,0,0,0
[tp 70934.38000],0.0,1,234000,0,70934.38,7.27,0.0,BTCUSDm,2035264883,2026-03-25T01:42:36,SELL,0.02,2026-03-25 01:42:36,SELL,7.27,7.27,363.49999999999994,0,1,-3.912023005428146,1,2026-03-25,1,2,3,1,0,1,0,0,0
[sl 70636.16000],0.0,1,234000,0,70634.85,-5.39,0.0,BTCUSDm,2035360679,2026-03-25T02:32:54,SELL,0.02,2026-03-25 02:32:54,SELL,-5.39,5.39,-269.5,0,1,-3.912023005428146,1,2026-03-25,2,2,3,0,1,0,1,0,0
[sl 4540.23200],0.0,1,234000,0,4540.232,-28.46,0.0,XAUUSDm,2035807211,2026-03-25T07:09:40,SELL,0.01,2026-03-25 07:09:40,SELL,-28.46,28.46,-2846.0,0,1,-4.605170185988091,1,2026-03-25,7,2,3,0,1,0,1,0,1
[sl 4542.95900],0.0,1,234000,0,4542.959,-14.46,0.0,XAUUSDm,2036099481,2026-03-25T08:37:55,SELL,0.01,2026-03-25 08:37:55,SELL,-14.46,14.46,-1446.0,0,1,-4.605170185988091,1,2026-03-25,8,2,3,0,1,0,1,0,1
[tp 71374.25000],0.0,1,234000,0,71374.25,13.24,0.0,BTCUSDm,2036369110,2026-03-25T09:33:17,SELL,0.02,2026-03-25 09:33:17,SELL,13.24,13.24,662.0,0,1,-3.912023005428146,1,2026-03-25,9,2,3,1,0,1,0,1,0
[sl 71130.49000],0.0,1,234000,0,71129.43000000001,-6.31,0.0,BTCUSDm,2036564025,2026-03-25T10:24:19,SELL,0.02,2026-03-25 10:24:19,SELL,-6.31,6.31,-315.5,0,1,-3.912023005428146,1,2026-03-25,10,2,3,0,1,0,1,0,0
[sl 1.15696],0.0,1,234000,0,1.15696,-3.39,0.0,EURUSDm,2038212060,2026-03-25T15:00:41,SELL,0.01,2026-03-25 15:00:41,SELL,-3.39,3.39,-339.0,0,1,-4.605170185988091,1,2026-03-25,15,2,3,0,1,0,1,0,0
[tp 180.02000],0.0,1,234000,0,180.03,1.48,0.0,NVDAm,2038362115,2026-03-25T15:22:30,SELL,0.01,2026-03-25 15:22:30,SELL,1.48,1.48,148.0,0,1,-4.605170185988091,1,2026-03-25,15,2,3,1,0,1,0,0,0
[tp 1.15638],0.0,1,234000,0,1.15638,1.9300000000000002,0.0,EURUSDm,2038920080,2026-03-25T16:52:35,BUY,0.01,2026-03-25 16:52:35,BUY,1.9300000000000002,1.9300000000000002,193.0,1,0,-4.605170185988091,1,2026-03-25,16,2,3,1,0,1,0,0,0
[sl 90.39100],0.0,1,234000,0,90.391,-24.08,0.0,USOILm,2039798111,2026-03-25T19:55:33,BUY,0.01,2026-03-25 19:55:33,BUY,-24.08,24.08,-2408.0,1,0,-4.605170185988091,1,2026-03-25,19,2,3,0,1,0,1,0,1
[sl 178.27000],0.0,1,234000,0,178.27,-0.83,0.0,NVDAm,2039805069,2026-03-25T19:55:51,SELL,0.01,2026-03-25 19:55:51,SELL,-0.83,0.83,-83.0,0,1,-4.605170185988091,1,2026-03-25,19,2,3,0,1,0,1,0,0
[tp 1.15623],0.0,1,234000,0,1.15623,1.15,0.0,EURUSDm,2039806580,2026-03-25T19:55:55,BUY,0.01,2026-03-25 19:55:55,BUY,1.15,1.15,114.99999999999999,1,0,-4.605170185988091,1,2026-03-25,19,2,3,1,0,1,0,0,0
[sl 4532.89300],0.0,1,234000,0,4532.893,-29.02,0.0,XAUUSDm,2040690620,2026-03-26T01:16:28,BUY,0.01,2026-03-26 01:16:28,BUY,-29.02,29.02,-2902.0,1,0,-4.605170185988091,1,2026-03-26,1,3,3,0,1,0,1,0,1
[sl 90.03600],0.0,1,234000,0,90.036,-2.62,0.0,USOILm,2040781328,2026-03-26T02:01:46,SELL,0.01,2026-03-26 02:01:46,SELL,-2.62,2.62,-262.0,0,1,-4.605170185988091,1,2026-03-26,2,3,3,0,1,0,1,0,0
[sl 1.15658],0.0,1,234000,0,1.15658,-0.59,0.0,EURUSDm,2040784048,2026-03-26T02:02:22,BUY,0.01,2026-03-26 02:02:22,BUY,-0.59,0.59,-58.99999999999999,1,0,-4.605170185988091,1,2026-03-26,2,3,3,0,1,0,1,0,0
[sl 70926.70000],0.0,1,234000,0,70926.7,-8.76,0.0,BTCUSDm,2040910028,2026-03-26T03:17:39,SELL,0.02,2026-03-26 03:17:39,SELL,-8.76,8.76,-438.0,0,1,-3.912023005428146,1,2026-03-26,3,3,3,0,1,0,1,0,0
[sl 92.14600],0.0,1,234000,0,92.146,-2.05,0.0,USOILm,2046640506,2026-03-27T00:56:18,BUY,0.01,2026-03-27 00:56:18,BUY,-2.05,2.05,-204.99999999999997,1,0,-4.605170185988091,1,2026-03-27,0,4,3,0,1,0,1,0,0
[sl 91.94300],0.0,1,234000,0,91.943,-6.37,0.0,USOILm,2046777150,2026-03-27T02:11:47,SELL,0.01,2026-03-27 02:11:47,SELL,-6.37,6.37,-637.0,0,1,-4.605170185988091,1,2026-03-27,2,4,3,0,1,0,1,0,0
[tp 91.42200],0.0,1,234000,0,91.422,6.68,0.0,USOILm,2046841595,2026-03-27T03:00:04,BUY,0.01,2026-03-27 03:00:04,BUY,6.68,6.68,668.0,1,0,-4.605170185988091,1,2026-03-27,3,4,3,1,0,1,0,0,0
[sl 92.30900],0.0,1,234000,0,92.325,-4.84,0.0,USOILm,2046932884,2026-03-27T03:57:14,BUY,0.01,2026-03-27 03:57:14,BUY,-4.84,4.84,-484.0,1,0,-4.605170185988091,1,2026-03-27,3,4,3,0,1,0,1,0,0
[tp 67371.16000],0.0,1,234000,0,67371.16,30.01,0.0,BTCUSDm,2048331098,2026-03-27T11:37:27,BUY,0.02,2026-03-27 11:37:27,BUY,30.01,30.01,1500.5,1,0,-3.912023005428146,1,2026-03-27,11,4,3,1,0,1,0,1,0
[tp 66186.05000],0.0,1,234000,0,66186.05,10.84,0.0,BTCUSDm,2049267353,2026-03-27T14:37:00,BUY,0.02,2026-03-27 14:37:00,BUY,10.84,10.84,542.0,1,0,-3.912023005428146,1,2026-03-27,14,4,3,1,0,1,0,1,0
[tp 168.94000],0.0,1,234000,0,168.94,1.9,0.0,NVDAm,2049370696,2026-03-27T14:54:49,BUY,0.01,2026-03-27 14:54:49,BUY,1.9,1.9,190.0,1,0,-4.605170185988091,1,2026-03-27,14,4,3,1,0,1,0,0,0
[tp 65962.24000],0.0,1,234000,0,65962.24,9.1,0.0,BTCUSDm,2049385411,2026-03-27T14:58:02,BUY,0.02,2026-03-27 14:58:02,BUY,9.1,9.1,455.0,1,0,-3.912023005428146,1,2026-03-27,14,4,3,1,0,1,0,0,0
[sl 4444.89400],0.0,1,234000,0,4444.894,-32.58,0.0,XAUUSDm,2049414167,2026-03-27T15:03:12,BUY,0.01,2026-03-27 15:03:12,BUY,-32.58,32.58,-3257.9999999999995,1,0,-4.605170185988091,1,2026-03-27,15,4,3,0,1,0,1,0,1
[tp 65501.03000],0.0,1,234000,0,65501.03,16.11,0.0,BTCUSDm,2050804635,2026-03-27T19:24:41,BUY,0.02,2026-03-27 19:24:41,BUY,16.11,16.11,805.5,1,0,-3.912023005428146,1,2026-03-27,19,4,3,1,0,1,0,1,0
[tp 1.14918],0.0,1,234000,0,1.14918,4.71,0.0,EURUSDm,2053079252,2026-03-30T00:29:58,BUY,0.01,2026-03-30 00:29:58,BUY,4.71,4.71,471.0,1,0,-4.605170185988091,1,2026-03-30,0,0,3,1,0,1,0,0,0
[tp 65719.10000],0.0,1,234000,0,65719.1,17.49,0.0,BTCUSDm,2053130282,2026-03-30T00:42:40,BUY,0.02,2026-03-30 00:42:40,BUY,17.49,17.49,874.4999999999999,1,0,-3.912023005428146,1,2026-03-30,0,0,3,1,0,1,0,1,0
[tp 64969.49000],0.0,1,234000,0,64969.49,13.0,0.0,BTCUSDm,2053167280,2026-03-30T00:49:29,BUY,0.02,2026-03-30 00:49:29,BUY,13.0,13.0,650.0,1,0,-3.912023005428146,1,2026-03-30,0,0,3,1,0,1,0,1,0
[sl 4458.08900],0.0,1,234000,0,4458.089,-38.46,0.0,XAUUSDm,2053326208,2026-03-30T01:32:19,SELL,0.01,2026-03-30 01:32:19,SELL,-38.46,38.46,-3846.0,0,1,-4.605170185988091,1,2026-03-30,1,0,3,0,1,0,1,0,1
[sl 99.21500],0.0,1,234000,0,99.215,-8.94,0.0,USOILm,2053492963,2026-03-30T02:19:20,SELL,0.01,2026-03-30 02:19:20,SELL,-8.94,8.94,-893.9999999999999,0,1,-4.605170185988091,1,2026-03-30,2,0,3,0,1,0,1,0,0
[sl 1.15162],0.0,1,234000,0,1.15162,-2.79,0.0,EURUSDm,2053902612,2026-03-30T05:09:59,BUY,0.01,2026-03-30 05:09:59,BUY,-2.79,2.79,-279.0,1,0,-4.605170185988091,1,2026-03-30,5,0,3,0,1,0,1,0,0
[sl 168.47000],0.0,1,234000,0,169.32,-1.5,-0.1,NVDAm,2055207276,2026-03-30T12:00:31,BUY,0.01,2026-03-30 12:00:31,BUY,-1.6,1.6,-160.0,1,0,-4.605170185988091,1,2026-03-30,12,0,3,0,1,0,1,0,0
[tp 66170.56000],0.0,1,234000,0,66170.56,5.23,0.0,BTCUSDm,2070706460,2026-04-02T13:15:26,BUY,0.02,2026-04-02 13:15:26,BUY,5.23,5.23,261.5,1,0,-3.912023005428146,1,2026-04-02,13,3,4,1,0,1,0,0,0
[tp 102.83500],0.0,1,234000,0,102.835,5.54,0.0,USOILm,2070758541,2026-04-02T13:29:25,SELL,0.01,2026-04-02 13:29:25,SELL,5.54,5.54,554.0,0,1,-4.605170185988091,1,2026-04-02,13,3,4,1,0,1,0,0,0
[sl 1.15257],0.0,1,234000,0,1.15257,-1.35,0.0,EURUSDm,2070951633,2026-04-02T14:04:31,BUY,0.01,2026-04-02 14:04:31,BUY,-1.35,1.35,-135.0,1,0,-4.605170185988091,1,2026-04-02,14,3,4,0,1,0,1,0,0
[tp 65991.87000],0.0,1,234000,0,65991.87,6.39,0.0,BTCUSDm,2071035760,2026-04-02T14:20:16,BUY,0.02,2026-04-02 14:20:16,BUY,6.39,6.39,319.5,1,0,-3.912023005428146,1,2026-04-02,14,3,4,1,0,1,0,0,0
[tp 103.57700],0.0,1,234000,0,103.577,8.72,0.0,USOILm,2071112500,2026-04-02T14:36:19,SELL,0.01,2026-04-02 14:36:19,SELL,8.72,8.72,872.0,0,1,-4.605170185988091,1,2026-04-02,14,3,4,1,0,1,0,0,0
[sl 103.88500],0.0,1,234000,0,103.885,-9.11,0.0,USOILm,2071461431,2026-04-02T15:30:27,SELL,0.01,2026-04-02 15:30:27,SELL,-9.11,9.11,-910.9999999999999,0,1,-4.605170185988091,1,2026-04-02,15,3,4,0,1,0,1,0,0
[sl 4655.32000],0.0,1,234000,0,4655.32,-35.49,0.0,XAUUSDm,2071786787,2026-04-02T16:11:32,BUY,0.01,2026-04-02 16:11:32,BUY,-35.49,35.49,-3549.0,1,0,-4.605170185988091,1,2026-04-02,16,3,4,0,1,0,1,0,1
[sl 66492.72000],0.0,1,234000,0,66492.72,-7.22,0.0,BTCUSDm,2071886205,2026-04-02T16:23:46,BUY,0.02,2026-04-02 16:23:46,BUY,-7.22,7.22,-361.0,1,0,-3.912023005428146,1,2026-04-02,16,3,4,0,1,0,1,0,0
[sl 101.25900],0.0,1,234000,0,101.259,-12.32,0.0,USOILm,2071985759,2026-04-02T16:35:47,SELL,0.01,2026-04-02 16:35:47,SELL,-12.32,12.32,-1232.0,0,1,-4.605170185988091,1,2026-04-02,16,3,4,0,1,0,1,0,1
[sl 66796.48000],0.0,1,234000,0,66794.87,-3.82,0.0,BTCUSDm,2073433435,2026-04-03T02:11:05,SELL,0.02,2026-04-03 02:11:05,SELL,-3.82,3.82,-191.0,0,1,-3.912023005428146,1,2026-04-03,2,4,4,0,1,0,1,0,0
[tp 66422.91000],0.0,1,234000,0,66422.91,7.88,0.0,BTCUSDm,2073471421,2026-04-03T04:10:41,BUY,0.02,2026-04-03 04:10:41,BUY,7.88,7.88,394.0,1,0,-3.912023005428146,1,2026-04-03,4,4,4,1,0,1,0,0,0
[sl 66713.62000],0.0,1,234000,0,66718.73,-4.65,0.0,BTCUSDm,2073473380,2026-04-03T04:17:26,BUY,0.02,2026-04-03 04:17:26,BUY,-4.65,4.65,-232.5,1,0,-3.912023005428146,1,2026-04-03,4,4,4,0,1,0,1,0,0
[sl 66598.42000],0.0,1,234000,0,66599.15,-5.29,0.0,BTCUSDm,2073487614,2026-04-03T05:07:08,BUY,0.02,2026-04-03 05:07:08,BUY,-5.29,5.29,-264.5,1,0,-3.912023005428146,1,2026-04-03,5,4,4,0,1,0,1,0,0
