time,open,high,low,close,volume
2026-03-03 11:44:08.162533,1.4123999999999999,1.413860142729642,1.412281430121768,1.413860142729642,2560
2026-03-03 11:49:08.162533,1.413860142729642,1.4162870866278539,1.4128650972434613,1.4128650972434613,2550
2026-03-03 11:54:08.162533,1.4128650972434613,1.4151389528827771,1.4109797717025854,1.4109797717025854,1543
2026-03-03 11:59:08.162533,1.4109797717025854,1.4119418958478716,1.4068059950240395,1.4068059950240395,3110
2026-03-03 12:04:08.162533,1.4068059950240395,1.4076883139885854,1.4058428657897886,1.4059762779850973,1661
2026-03-03 12:09:08.162533,1.4059762779850973,1.4094919573011975,1.404514271358401,1.4094919573011975,4320
2026-03-03 12:14:08.162533,1.4094919573011975,1.409759238675127,1.4072042517983616,1.4072042517983616,1946
2026-03-03 12:19:08.162533,1.4072042517983616,1.4084349984986073,1.4070035302933146,1.4084349984986073,3912
2026-03-03 12:24:08.162533,1.4084349984986073,1.409447667484731,1.4083318852035944,1.409447667484731,1211
2026-03-03 12:29:08.162533,1.409447667484731,1.4095589267517667,1.4091799168463255,1.4092909358988874,2827
2026-03-03 12:34:08.162533,1.4092909358988874,1.4100617071034995,1.4074505353682152,1.4074505353682152,4455
2026-03-03 12:39:08.162533,1.4074505353682152,1.4074749331855638,1.4054824892599556,1.4054824892599556,2368
2026-03-03 12:44:08.162533,1.4054824892599556,1.4063036573415078,1.4036808418710445,1.405219340905352,1985
2026-03-03 12:49:08.162533,1.405219340905352,1.4070952944175095,1.4017188395999847,1.4017188395999847,3061
2026-03-03 12:54:08.162533,1.4017188395999847,1.4047617772477432,1.3999650825016277,1.4047617772477432,3938
2026-03-03 12:59:08.162533,1.4047617772477432,1.4060629557282818,1.4038579278663916,1.4060629557282818,1670
2026-03-03 13:04:08.162533,1.4060629557282818,1.4078688226286658,1.4054154078764054,1.4078688226286658,3926
2026-03-03 13:09:08.162533,1.4078688226286658,1.4105903365864938,1.406229719732022,1.4105903365864938,1391
2026-03-03 13:14:08.162533,1.4105903365864938,1.4113999669830628,1.4076595160308139,1.4076595160308139,3160
2026-03-03 13:19:08.162533,1.4076595160308139,1.40829833506542,1.4059167665362353,1.40829833506542,4976
2026-03-03 13:24:08.162533,1.40829833506542,1.4126806782604062,1.406854220781882,1.4126806782604062,3460
2026-03-03 13:29:08.162533,1.4126806782604062,1.4148328040279003,1.4078642126500516,1.4078642126500516,2577
2026-03-03 13:34:08.162533,1.4078642126500516,1.410978186797138,1.406510146524375,1.410978186797138,1902
2026-03-03 13:39:08.162533,1.410978186797138,1.4168689939518773,1.4109290332618696,1.4168689939518773,3944
2026-03-03 13:44:08.162533,1.4168689939518773,1.417570285347367,1.4154881217521695,1.4162771656744666,3350
2026-03-03 13:49:08.162533,1.4162771656744666,1.4184092570406215,1.416057911830943,1.4184092570406215,4980
2026-03-03 13:54:08.162533,1.4184092570406215,1.419015938796952,1.416831759950674,1.419015938796952,1485
2026-03-03 13:59:08.162533,1.419015938796952,1.4191611449245138,1.418355243974365,1.418869611368301,2098
2026-03-03 14:04:08.162533,1.418869611368301,1.4204207157379498,1.417630137183171,1.419119743776492,2067
2026-03-03 14:09:08.162533,1.419119743776492,1.4197748529220073,1.4180297480618953,1.419089836997119,3503
2026-03-03 14:14:08.162533,1.419089836997119,1.4217231445930463,1.4151339825531395,1.4151339825531395,3948
2026-03-03 14:19:08.162533,1.4151339825531395,1.4172438168358503,1.4146163571681534,1.4157777583721902,4722
2026-03-03 14:24:08.162533,1.4157777583721902,1.4183885001323313,1.412789299943551,1.4164219495375339,2387
2026-03-03 14:29:08.162533,1.4164219495375339,1.419401441436373,1.4144951595662896,1.419401441436373,2297
2026-03-03 14:34:08.162533,1.419401441436373,1.4228263013389315,1.4176588990269074,1.4228263013389315,1560
2026-03-03 14:39:08.162533,1.4228263013389315,1.4271101110498456,1.4212487482663627,1.4271101110498456,3868
2026-03-03 14:44:08.162533,1.4271101110498456,1.4300689540127345,1.4268100948421765,1.428197002788538,2162
2026-03-03 14:49:08.162533,1.428197002788538,1.4283887990628223,1.4260664137259889,1.427027649448388,3584
2026-03-03 14:54:08.162533,1.427027649448388,1.4275404239186908,1.4218163112774889,1.4218163112774889,1834
2026-03-03 14:59:08.162533,1.4218163112774889,1.422505885008605,1.4216951715421686,1.4223074034480396,2487
2026-03-03 15:04:08.162533,1.4223074034480396,1.4244504533740252,1.4212174525468024,1.4244504533740252,1630
2026-03-03 15:09:08.162533,1.4244504533740252,1.4250339756130252,1.4208796924068965,1.4208796924068965,2641
2026-03-03 15:14:08.162533,1.4208796924068965,1.4261211361443775,1.4203965150046123,1.4261211361443775,1598
2026-03-03 15:19:08.162533,1.4261211361443775,1.427727928511789,1.4244557252060794,1.4244557252060794,3492
2026-03-03 15:24:08.162533,1.4244557252060794,1.427063333371552,1.4230682621027173,1.427063333371552,2609
2026-03-03 15:29:08.162533,1.427063333371552,1.4271397124870266,1.4250748161048037,1.425689929247756,1470
2026-03-03 15:34:08.162533,1.425689929247756,1.426633874946544,1.4241164124865442,1.4241164124865442,1994
2026-03-03 15:39:08.162533,1.4241164124865442,1.424736342632035,1.4229912787537071,1.4235599920506201,2192
2026-03-03 15:44:08.162533,1.4235599920506201,1.4252151189193778,1.4207078956090224,1.424817626462295,3082
2026-03-03 15:49:08.162533,1.424817626462295,1.4248733707382477,1.422588746736837,1.422588746736837,2122
2026-03-03 15:54:08.162533,1.422588746736837,1.424648758562834,1.4195970057940097,1.4195970057940097,2295
2026-03-03 15:59:08.162533,1.4195970057940097,1.420072902950895,1.4174024897543855,1.4194847328779774,4355
2026-03-03 16:04:08.162533,1.4194847328779774,1.4201092984778916,1.4186575499780874,1.4195395705722906,2305
2026-03-03 16:09:08.162533,1.4195395705722906,1.419819188003548,1.4176097399291547,1.419819188003548,2906
2026-03-03 16:14:08.162533,1.419819188003548,1.421658874935789,1.4174185278906375,1.4174185278906375,3537
2026-03-03 16:19:08.162533,1.4174185278906375,1.4180532386230407,1.4144257971326606,1.4144257971326606,1156
2026-03-03 16:24:08.162533,1.4144257971326606,1.4153895281839588,1.4119823896112838,1.4119823896112838,4853
2026-03-03 16:29:08.162533,1.4119823896112838,1.4143274710828486,1.410987516361888,1.4142994540645828,4135
2026-03-03 16:34:08.162533,1.4142994540645828,1.4145286090199418,1.4127725735377905,1.4127725735377905,1762
2026-03-03 16:39:08.162533,1.4127725735377905,1.4180721981569695,1.4125902122294527,1.4180721981569695,4516
2026-03-03 16:44:08.162533,1.4180721981569695,1.4183867155256957,1.4152708001850554,1.4155810610180117,2865
2026-03-03 16:49:08.162533,1.4155810610180117,1.4175330489926348,1.4148938331099106,1.4160344815419064,1386
2026-03-03 16:54:08.162533,1.4160344815419064,1.42081988468284,1.414460264572186,1.42081988468284,4137
2026-03-03 16:59:08.162533,1.42081988468284,1.4241727034319358,1.4199836786610198,1.4241727034319358,4230
2026-03-03 17:04:08.162533,1.4241727034319358,1.4253202439752806,1.4210165091909424,1.4210165091909424,3801
2026-03-03 17:09:08.162533,1.4210165091909424,1.4232540097468795,1.4193406750718303,1.4193406750718303,2254
2026-03-03 17:14:08.162533,1.4193406750718303,1.4196966721045932,1.416001603685927,1.416001603685927,3821
2026-03-03 17:19:08.162533,1.416001603685927,1.4197442135362248,1.4094157651664896,1.4094157651664896,3352
2026-03-03 17:24:08.162533,1.4094157651664896,1.4095551462264455,1.4075165047679452,1.4093757892640792,4454
2026-03-03 17:29:08.162533,1.4093757892640792,1.4095253576058455,1.407464960369456,1.407464960369456,3409
2026-03-03 17:34:08.162533,1.407464960369456,1.4100566697864079,1.4039868188169138,1.4039868188169138,2416
2026-03-03 17:39:08.162533,1.4039868188169138,1.405312843112847,1.4021126736376173,1.4052723394688937,3070
2026-03-03 17:44:08.162533,1.4052723394688937,1.406419345892878,1.402315970363736,1.402315970363736,4013
2026-03-03 17:49:08.162533,1.402315970363736,1.4030282574636543,1.4004069481259789,1.4026679957718629,2074
2026-03-03 17:54:08.162533,1.4026679957718629,1.403260548086346,1.4014081194102066,1.4014081194102066,3396
2026-03-03 17:59:08.162533,1.4014081194102066,1.4019464440186349,1.3990626498530059,1.3990626498530059,4140
2026-03-03 18:04:08.162533,1.3990626498530059,1.4047891839619153,1.3985827121195802,1.4047891839619153,4379
2026-03-03 18:09:08.162533,1.4047891839619153,1.404809073675924,1.4029510145287478,1.4029510145287478,4775
2026-03-03 18:14:08.162533,1.4029510145287478,1.4031330621113247,1.4014063249451956,1.401643845866506,2559
2026-03-03 18:19:08.162533,1.401643845866506,1.4028708707798734,1.396781449971578,1.396781449971578,1699
2026-03-03 18:24:08.162533,1.396781449971578,1.398563117073464,1.3943314551654638,1.3943314551654638,3506
2026-03-03 18:29:08.162533,1.3943314551654638,1.3982838389188106,1.3934183651090506,1.3982838389188106,1802
2026-03-03 18:34:08.162533,1.3982838389188106,1.3992347448701115,1.3955865158544787,1.3955865158544787,2865
2026-03-03 18:39:08.162533,1.3955865158544787,1.3983244853237191,1.395022700972854,1.3983244853237191,4256
2026-03-03 18:44:08.162533,1.3983244853237191,1.4005157153547958,1.3971739282633067,1.3983922963396882,2749
2026-03-03 18:49:08.162533,1.3983922963396882,1.3989336679606195,1.3974872520372672,1.3976300818281566,4532
2026-03-03 18:54:08.162533,1.3976300818281566,1.3982530119066765,1.3963574559521994,1.3963574559521994,3507
2026-03-03 18:59:08.162533,1.3963574559521994,1.3999705644911433,1.393913044755826,1.3999705644911433,1680
2026-03-03 19:04:08.162533,1.3999705644911433,1.4045404576279679,1.3989090668884459,1.4045404576279679,2850
2026-03-03 19:09:08.162533,1.4045404576279679,1.409964763369891,1.4043357885211578,1.409964763369891,4212
2026-03-03 19:14:08.162533,1.409964763369891,1.414466277690159,1.4075951686846824,1.414466277690159,3539
2026-03-03 19:19:08.162533,1.414466277690159,1.417277536773018,1.413686946922191,1.4145656144255951,2609
2026-03-03 19:24:08.162533,1.4145656144255951,1.415295885182729,1.4120059614777425,1.4147843030196066,2944
2026-03-03 19:29:08.162533,1.4147843030196066,1.4160889168510664,1.4115994420522846,1.4115994420522846,3439
2026-03-03 19:34:08.162533,1.4115994420522846,1.413293836444292,1.408687919206378,1.4113052071433685,4784
2026-03-03 19:39:08.162533,1.4113052071433685,1.4186668186112192,1.4097884050603582,1.4186668186112192,3681
2026-03-03 19:44:08.162533,1.4186668186112192,1.4206737323735654,1.4184729943254186,1.4206737323735654,1932
2026-03-03 19:49:08.162533,1.4206737323735654,1.4217474525501081,1.4200666626406449,1.420511014927903,3994
2026-03-03 19:54:08.162533,1.420511014927903,1.4232702418471712,1.4195818506915119,1.4206460140205532,1218
2026-03-03 19:59:08.162533,1.4206460140205532,1.421549762146352,1.420087236624992,1.420510240374578,3189
2026-03-03 20:04:08.162533,1.420510240374578,1.4230911132825852,1.4182010581333904,1.4230911132825852,4795
2026-03-03 20:09:08.162533,1.4230911132825852,1.4233204863115456,1.4205938632755533,1.421047416010025,2582
2026-03-03 20:14:08.162533,1.421047416010025,1.4225006306561017,1.4204095270166563,1.4225006306561017,3856
2026-03-03 20:19:08.162533,1.4225006306561017,1.4231179545165236,1.418610928251708,1.418610928251708,4689
2026-03-03 20:24:08.162533,1.418610928251708,1.4215174896935867,1.4168036355098415,1.4215174896935867,2410
2026-03-03 20:29:08.162533,1.4215174896935867,1.4242353944322426,1.421401721106072,1.4231651028423726,4826
2026-03-03 20:34:08.162533,1.4231651028423726,1.4234751222441773,1.4223913055024935,1.4223913055024935,2736
2026-03-03 20:39:08.162533,1.4223913055024935,1.4253344339613596,1.4217378279685837,1.423084511673602,1686
2026-03-03 20:44:08.162533,1.423084511673602,1.4256453606977904,1.4210948515528317,1.4251835758474285,3551
2026-03-03 20:49:08.162533,1.4251835758474285,1.4258320030289573,1.421455805118788,1.421455805118788,1310
2026-03-03 20:54:08.162533,1.421455805118788,1.4245342485046784,1.4209360713034596,1.4245342485046784,4162
2026-03-03 20:59:08.162533,1.4245342485046784,1.4251646600398986,1.4196350773773978,1.4196350773773978,2189
2026-03-03 21:04:08.162533,1.4196350773773978,1.4223834772517288,1.4167271201805374,1.4167271201805374,4309
2026-03-03 21:09:08.162533,1.4167271201805374,1.417987956509169,1.4160359313478526,1.417987956509169,3758
2026-03-03 21:14:08.162533,1.417987956509169,1.419325064231175,1.412111188985358,1.412111188985358,4476
2026-03-03 21:19:08.162533,1.412111188985358,1.4124303311521418,1.409351485636768,1.409351485636768,2708
2026-03-03 21:24:08.162533,1.409351485636768,1.4115369666624722,1.4088210336860987,1.4115369666624722,1113
2026-03-03 21:29:08.162533,1.4115369666624722,1.41802456120046,1.4107096178767968,1.41802456120046,2600
2026-03-03 21:34:08.162533,1.41802456120046,1.4199417673496575,1.4131498876860775,1.4131498876860775,3302
2026-03-03 21:39:08.162533,1.4131498876860775,1.414867689553805,1.4118823759945929,1.414867689553805,3771
2026-03-03 21:44:08.162533,1.414867689553805,1.418048024178122,1.4144973769788747,1.418048024178122,1193
2026-03-03 21:49:08.162533,1.418048024178122,1.4191918902221405,1.4173406576733911,1.4191918902221405,4829
2026-03-03 21:54:08.162533,1.4191918902221405,1.4215296383459226,1.4170444756163074,1.4205567505161285,2924
2026-03-03 21:59:08.162533,1.4205567505161285,1.422163256507219,1.4190668862184153,1.422163256507219,4341
2026-03-03 22:04:08.162533,1.422163256507219,1.4260021284032163,1.4211509902900201,1.4260021284032163,4223
2026-03-03 22:09:08.162533,1.4260021284032163,1.4285403062124011,1.4252676183293091,1.4252676183293091,2345
2026-03-03 22:14:08.162533,1.4252676183293091,1.4277948366976525,1.4219854709375026,1.4219854709375026,1024
2026-03-03 22:19:08.162533,1.4219854709375026,1.42360485414497,1.4213136620012086,1.42360485414497,4470
2026-03-03 22:24:08.162533,1.42360485414497,1.4250569806747524,1.4211732812577462,1.4250569806747524,1852
2026-03-03 22:29:08.162533,1.4250569806747524,1.4262185613228502,1.422619436298682,1.4262185613228502,2303
2026-03-03 22:34:08.162533,1.4262185613228502,1.4265915248860443,1.4180197567500916,1.4180197567500916,1539
2026-03-03 22:39:08.162533,1.4180197567500916,1.422949646900677,1.4161726195277313,1.422949646900677,1370
2026-03-03 22:44:08.162533,1.422949646900677,1.4258203366006292,1.4215416378058316,1.4258203366006292,3950
2026-03-03 22:49:08.162533,1.4258203366006292,1.429005332523462,1.4244880104148496,1.429005332523462,1593
2026-03-03 22:54:08.162533,1.429005332523462,1.432989161170011,1.4279928741365848,1.432989161170011,4310
2026-03-03 22:59:08.162533,1.432989161170011,1.4363660942374992,1.4309808615392992,1.4363660942374992,4870
2026-03-03 23:04:08.162533,1.4363660942374992,1.4372333332296694,1.43505471452887,1.4358125125413608,2034
2026-03-03 23:09:08.162533,1.4358125125413608,1.4375440954664347,1.435148349008051,1.4375440954664347,4802
2026-03-03 23:14:08.162533,1.4375440954664347,1.439736112806522,1.4370160508342293,1.439736112806522,4729
2026-03-03 23:19:08.162533,1.439736112806522,1.4406692752275465,1.4387838229387564,1.4406631750078966,4722
2026-03-03 23:24:08.162533,1.4406631750078966,1.440683324328415,1.438120013133231,1.438120013133231,3666
2026-03-03 23:29:08.162533,1.438120013133231,1.438896424491333,1.4380241069526458,1.4386015995646644,3250
2026-03-03 23:34:08.162533,1.4386015995646644,1.4393847172484457,1.4364606574700605,1.4393847172484457,2711
2026-03-03 23:39:08.162533,1.4393847172484457,1.43979607104848,1.4393802749584217,1.4396976386614968,2892
2026-03-03 23:44:08.162533,1.4396976386614968,1.4398483861098914,1.4361230567577492,1.4361230567577492,3629
2026-03-03 23:49:08.162533,1.4361230567577492,1.4391942456020201,1.4340888176254123,1.4391942456020201,3787
2026-03-03 23:54:08.162533,1.4391942456020201,1.4415156736599175,1.4375000111419334,1.4405600972148138,1217
2026-03-03 23:59:08.162533,1.4405600972148138,1.4409483476304332,1.434289661181451,1.434289661181451,4709
2026-03-04 00:04:08.162533,1.434289661181451,1.4373251646518783,1.431521963346478,1.4373251646518783,3053
2026-03-04 00:09:08.162533,1.4373251646518783,1.4373678235537235,1.4358444749191144,1.436893103446988,2237
2026-03-04 00:14:08.162533,1.436893103446988,1.4381899977333106,1.4360240973161253,1.4380449940749678,3558
2026-03-04 00:19:08.162533,1.4380449940749678,1.4382278433415894,1.4375849823581015,1.4382278433415894,3780
2026-03-04 00:24:08.162533,1.4382278433415894,1.438405295614355,1.4354726094740728,1.4354726094740728,2644
2026-03-04 00:29:08.162533,1.4354726094740728,1.4356358378161933,1.4351550667762691,1.435182704175524,1290
2026-03-04 00:34:08.162533,1.435182704175524,1.4356030839852132,1.434836481542603,1.4356030839852132,1011
2026-03-04 00:39:08.162533,1.4356030839852132,1.436895892712862,1.4349571336568006,1.4349571336568006,1034
2026-03-04 00:44:08.162533,1.4349571336568006,1.4365721552141923,1.4348819235829386,1.435148516681154,2918
2026-03-04 00:49:08.162533,1.435148516681154,1.4363524741108087,1.4326618648766387,1.4332592060789946,2093
2026-03-04 00:54:08.162533,1.4332592060789946,1.4345415295745845,1.4306029248778511,1.4306029248778511,4586
2026-03-04 00:59:08.162533,1.4306029248778511,1.431664769717254,1.4282622031492775,1.4282622031492775,4968
2026-03-04 01:04:08.162533,1.4282622031492775,1.4292856683312307,1.4247057307387743,1.4247057307387743,1075
2026-03-04 01:09:08.162533,1.4247057307387743,1.4257521280078016,1.4234064177081607,1.4257279732983452,2049
2026-03-04 01:14:08.162533,1.4257279732983452,1.4268351201740344,1.4250463888304858,1.4257887336678496,1059
2026-03-04 01:19:08.162533,1.4257887336678496,1.4267802310221136,1.4211773294796959,1.4211773294796959,1016
2026-03-04 01:24:08.162533,1.4211773294796959,1.421571226057578,1.4177603358405513,1.4177603358405513,4988
2026-03-04 01:29:08.162533,1.4177603358405513,1.4207422467801711,1.414667554357615,1.414667554357615,3580
2026-03-04 01:34:08.162533,1.414667554357615,1.4147109387562393,1.4101691892052344,1.4101691892052344,4614
2026-03-04 01:39:08.162533,1.4101691892052344,1.4106553068393841,1.406378772825537,1.406378772825537,1546
2026-03-04 01:44:08.162533,1.406378772825537,1.4078122053530797,1.403872527029645,1.405620779090209,1386
2026-03-04 01:49:08.162533,1.405620779090209,1.4061921611754054,1.4043909200939717,1.4043909200939717,2385
2026-03-04 01:54:08.162533,1.4043909200939717,1.4071623647558662,1.4025449378317774,1.4071623647558662,1864
2026-03-04 01:59:08.162533,1.4071623647558662,1.4153621475253277,1.4070091210967919,1.4153621475253277,4524
2026-03-04 02:04:08.162533,1.4153621475253277,1.4172611540451232,1.41450197064313,1.4172611540451232,4372
2026-03-04 02:09:08.162533,1.4172611540451232,1.4231629810185769,1.416903815205846,1.4231629810185769,3306
2026-03-04 02:14:08.162533,1.4231629810185769,1.425575571076904,1.422361689611581,1.425575571076904,3816
2026-03-04 02:19:08.162533,1.425575571076904,1.4256501133741262,1.4229852204642868,1.4229852204642868,4278
2026-03-04 02:24:08.162533,1.4229852204642868,1.4258393673784202,1.4214518746099374,1.4258393673784202,1076
2026-03-04 02:29:08.162533,1.4258393673784202,1.4271676519584764,1.4211011601213435,1.4211011601213435,3751
2026-03-04 02:34:08.162533,1.4211011601213435,1.4238365770694443,1.4160812534023235,1.4160812534023235,4687
2026-03-04 02:39:08.162533,1.4160812534023235,1.4200616235739418,1.4160648919020893,1.4200616235739418,3754
2026-03-04 02:44:08.162533,1.4200616235739418,1.4224829754529449,1.4193184250628357,1.4224829754529449,4374
2026-03-04 02:49:08.162533,1.4224829754529449,1.424922186225752,1.421095537834229,1.4226038667240992,2197
2026-03-04 02:54:08.162533,1.4226038667240992,1.4233571648897925,1.4179982592033804,1.4179982592033804,1643
2026-03-04 02:59:08.162533,1.4179982592033804,1.42329719427109,1.4167828105319278,1.42329719427109,1152
2026-03-04 03:04:08.162533,1.42329719427109,1.4252269704558127,1.4213609959066815,1.4233421653106249,1877
2026-03-04 03:09:08.162533,1.4233421653106249,1.4267568627526597,1.41487671822592,1.41487671822592,4028
2026-03-04 03:14:08.162533,1.41487671822592,1.414878248041751,1.4133438140690033,1.4133438140690033,1509
2026-03-04 03:19:08.162533,1.4133438140690033,1.4147914621460966,1.409761995734719,1.409761995734719,3313
2026-03-04 03:24:08.162533,1.409761995734719,1.412306827706632,1.4085186363834792,1.4089609186118313,1203
2026-03-04 03:29:08.162533,1.4089609186118313,1.412730909215382,1.4088995054655022,1.412730909215382,1222
2026-03-04 03:34:08.162533,1.412730909215382,1.413509873867782,1.4116847823115939,1.4116847823115939,4750
2026-03-04 03:39:08.162533,1.4116847823115939,1.4118667249659649,1.4091259900894446,1.4091259900894446,3934
2026-03-04 03:44:08.162533,1.4091259900894446,1.41055134193551,1.4051359126448755,1.4051359126448755,1465
2026-03-04 03:49:08.162533,1.4051359126448755,1.4081413917878252,1.4031394613778616,1.4081413917878252,4365
2026-03-04 03:54:08.162533,1.4081413917878252,1.409055333577246,1.4034957631053762,1.4034957631053762,2145
2026-03-04 03:59:08.162533,1.4034957631053762,1.404237466707707,1.4031959032210044,1.404237466707707,4909
2026-03-04 04:04:08.162533,1.404237466707707,1.4048588048473492,1.4010837626969483,1.4010837626969483,1643
2026-03-04 04:09:08.162533,1.4010837626969483,1.4040317241532783,1.4001658664044168,1.4040317241532783,3042
2026-03-04 04:14:08.162533,1.4040317241532783,1.4066432586257636,1.4022191199716683,1.4066432586257636,2254
2026-03-04 04:19:08.162533,1.4066432586257636,1.4104721594314866,1.4050467817567147,1.4104721594314866,2068
2026-03-04 04:24:08.162533,1.4104721594314866,1.4130787635358784,1.4080840464867281,1.4099198508456412,1255
2026-03-04 04:29:08.162533,1.4099198508456412,1.4111670864498536,1.4097295459807255,1.4111670864498536,1588
2026-03-04 04:34:08.162533,1.4111670864498536,1.4119862226942548,1.4079702714365012,1.4079702714365012,2911
2026-03-04 04:39:08.162533,1.4079702714365012,1.4082387667120126,1.406688706555256,1.406688706555256,4337
2026-03-04 04:44:08.162533,1.406688706555256,1.4091569015700527,1.4047238294715838,1.4052565711932266,2664
2026-03-04 04:49:08.162533,1.4052565711932266,1.4067649934883424,1.403917962901635,1.4067649934883424,2729
2026-03-04 04:54:08.162533,1.4067649934883424,1.4089564405276012,1.4053371269283126,1.408154818428106,2491
2026-03-04 04:59:08.162533,1.408154818428106,1.4085814602594906,1.4071619179975234,1.4071619179975234,2760
2026-03-04 05:04:08.162533,1.4071619179975234,1.4096805216013653,1.404622872700656,1.404622872700656,1655
2026-03-04 05:09:08.162533,1.404622872700656,1.4070178545052248,1.4036603347225034,1.4070178545052248,1067
2026-03-04 05:14:08.162533,1.4070178545052248,1.4093720162581214,1.4054293782711558,1.4054293782711558,3347
2026-03-04 05:19:08.162533,1.4054293782711558,1.4068398325216562,1.4036949981567473,1.4045901898334754,1555
2026-03-04 05:24:08.162533,1.4045901898334754,1.4049539533289692,1.4015688244713747,1.4015688244713747,1366
2026-03-04 05:29:08.162533,1.4015688244713747,1.402216676812272,1.4010693503320517,1.402216676812272,4168
2026-03-04 05:34:08.162533,1.402216676812272,1.404558568456934,1.3998614946468146,1.3998614946468146,3562
2026-03-04 05:39:08.162533,1.3998614946468146,1.4008389387056703,1.3988674456913301,1.4008389387056703,2223
2026-03-04 05:44:08.162533,1.4008389387056703,1.4025125149073274,1.3997291552229734,1.3997291552229734,4436
2026-03-04 05:49:08.162533,1.3997291552229734,1.4006922090640292,1.3990857549615554,1.4004339521754348,2256
2026-03-04 05:54:08.162533,1.4004339521754348,1.4049676897771455,1.3998176936388556,1.4049676897771455,1799
2026-03-04 05:59:08.162533,1.4049676897771455,1.408099229334673,1.404154788663629,1.4061920885522698,3757
2026-03-04 06:04:08.162533,1.4061920885522698,1.4071064749207662,1.4058037760014983,1.4060447247453862,1953
2026-03-04 06:09:08.162533,1.4060447247453862,1.4065380224365915,1.3998058648704308,1.3998058648704308,3426
2026-03-04 06:14:08.162533,1.3998058648704308,1.4020092197369347,1.3978423192134013,1.3999376284593044,3962
2026-03-04 06:19:08.162533,1.3999376284593044,1.4008458710141054,1.3987073745641319,1.3987073745641319,2088
2026-03-04 06:24:08.162533,1.3987073745641319,1.399466586726838,1.3977538741341993,1.399466586726838,4652
2026-03-04 06:29:08.162533,1.399466586726838,1.4008631635819984,1.3978412886641363,1.3978412886641363,4486
2026-03-04 06:34:08.162533,1.3978412886641363,1.3989806306242232,1.3963747705175007,1.3963747705175007,1494
2026-03-04 06:39:08.162533,1.3963747705175007,1.3974427148538804,1.3940083541847785,1.3972098594075952,2995
2026-03-04 06:44:08.162533,1.3972098594075952,1.3979073744528678,1.3948037230867656,1.3948037230867656,3567
2026-03-04 06:49:08.162533,1.3948037230867656,1.396907149867398,1.3915000994700375,1.3915000994700375,1790
2026-03-04 06:54:08.162533,1.3915000994700375,1.392449958758157,1.388940525488502,1.389329353930007,3447
2026-03-04 06:59:08.162533,1.389329353930007,1.3910378558962595,1.3866607760034413,1.3866607760034413,4780
2026-03-04 07:04:08.162533,1.3866607760034413,1.3885291481313786,1.3860946276780655,1.3885291481313786,2265
2026-03-04 07:09:08.162533,1.3885291481313786,1.3886382816496148,1.3850524141255667,1.3886382816496148,2588
2026-03-04 07:14:08.162533,1.3886382816496148,1.3953025948185125,1.3867594199312798,1.3953025948185125,2570
2026-03-04 07:19:08.162533,1.3953025948185125,1.396176313304903,1.389923319856917,1.389923319856917,1087
2026-03-04 07:24:08.162533,1.389923319856917,1.390274263202495,1.3880756892016146,1.3900690933775308,4868
2026-03-04 07:29:08.162533,1.3900690933775308,1.393008888764938,1.3873262252338905,1.3888014611327435,2867
2026-03-04 07:34:08.162533,1.3888014611327435,1.3909309140905497,1.3876622017749112,1.3909309140905497,3812
2026-03-04 07:39:08.162533,1.3909309140905497,1.3926101350805045,1.3902993548850207,1.391988861202904,3623
2026-03-04 07:44:08.162533,1.391988861202904,1.3920398909597038,1.3902815261857804,1.3902815261857804,2038
2026-03-04 07:49:08.162533,1.3902815261857804,1.3906857361287666,1.3898444970461037,1.3898444970461037,4391
2026-03-04 07:54:08.162533,1.3898444970461037,1.3915807778407303,1.386447634385284,1.386447634385284,1664
2026-03-04 07:59:08.162533,1.386447634385284,1.387265668030437,1.383814519058466,1.3848609417029685,1774
2026-03-04 08:04:08.162533,1.3848609417029685,1.3876540917725015,1.3835860903012953,1.3865442927365361,3371
2026-03-04 08:09:08.162533,1.3865442927365361,1.3911732019705123,1.3863637009216951,1.3911732019705123,3751
2026-03-04 08:14:08.162533,1.3911732019705123,1.3924631206750342,1.3870005247997335,1.3870005247997335,2154
2026-03-04 08:19:08.162533,1.3870005247997335,1.388068608171667,1.383837194738241,1.3846093202897767,4464
2026-03-04 08:24:08.162533,1.3846093202897767,1.3849261993031499,1.3838876548099561,1.3842937113830027,4965
2026-03-04 08:29:08.162533,1.3842937113830027,1.384401895144455,1.3821391741307882,1.382168237154193,1085
2026-03-04 08:34:08.162533,1.382168237154193,1.3835038751635456,1.379912621843057,1.379912621843057,1669
2026-03-04 08:39:08.162533,1.379912621843057,1.3822055897927241,1.3784999337957318,1.3822055897927241,2533
2026-03-04 08:44:08.162533,1.3822055897927241,1.3828147405510427,1.3792297928308748,1.3792297928308748,2917
2026-03-04 08:49:08.162533,1.3792297928308748,1.379236956916753,1.378935984593307,1.3789934583193815,4395
2026-03-04 08:54:08.162533,1.3789934583193815,1.3799181774592821,1.3773605905915718,1.3799181774592821,4950
2026-03-04 08:59:08.162533,1.3799181774592821,1.381721053357752,1.3788340823029628,1.3798235895047648,3351
2026-03-04 09:04:08.162533,1.3798235895047648,1.380066540537774,1.3786726404185232,1.3796700180574695,2190
2026-03-04 09:09:08.162533,1.3796700180574695,1.3845411900287652,1.376236686487108,1.3845411900287652,2273
2026-03-04 09:14:08.162533,1.3845411900287652,1.3866489885335076,1.3811674087011303,1.3866489885335076,3228
2026-03-04 09:19:08.162533,1.3866489885335076,1.388458973916451,1.386197720304442,1.388458973916451,4728
2026-03-04 09:24:08.162533,1.388458973916451,1.3898698865219026,1.3851743207024978,1.3854938128915837,1240
2026-03-04 09:29:08.162533,1.3854938128915837,1.386091623422056,1.3845864710401339,1.3854740132917207,4505
2026-03-04 09:34:08.162533,1.3854740132917207,1.3885986666386403,1.3823773655630622,1.3885986666386403,4849
2026-03-04 09:39:08.162533,1.3885986666386403,1.389979776642109,1.3884190013188438,1.389979776642109,4160
2026-03-04 09:44:08.162533,1.389979776642109,1.390043280889324,1.3889692994266845,1.3889692994266845,3502
2026-03-04 09:49:08.162533,1.3889692994266845,1.3895080570942182,1.3878337077786698,1.3895080570942182,2064
2026-03-04 09:54:08.162533,1.3895080570942182,1.3909460762584998,1.387696585416466,1.3909460762584998,3324
2026-03-04 09:59:08.162533,1.3909460762584998,1.3948451467225438,1.3902404921459204,1.3948451467225438,4023
2026-03-04 10:04:08.162533,1.3948451467225438,1.395426744133857,1.3925391670791587,1.3942367645723146,3060
2026-03-04 10:09:08.162533,1.3942367645723146,1.3996098624347002,1.3915407628160417,1.3996098624347002,2217
2026-03-04 10:14:08.162533,1.3996098624347002,1.4010614373726287,1.3992384272059828,1.4010614373726287,2102
2026-03-04 10:19:08.162533,1.4010614373726287,1.404851266764929,1.4007359283002574,1.404851266764929,2857
2026-03-04 10:24:08.162533,1.404851266764929,1.4054118942733054,1.4022709079092592,1.4022709079092592,2025
2026-03-04 10:29:08.162533,1.4022709079092592,1.4035665552422745,1.400289759800376,1.4021220023416348,4838
2026-03-04 10:34:08.162533,1.4021220023416348,1.4030183255731266,1.4001119497222738,1.4001119497222738,1913
2026-03-04 10:39:08.162533,1.4001119497222738,1.4025549510082824,1.39872322605134,1.4025549510082824,4467
2026-03-04 10:44:08.162533,1.4025549510082824,1.4044070891830496,1.4013435995671137,1.403238516395129,1524
2026-03-04 10:49:08.162533,1.403238516395129,1.404646440855318,1.399511213475325,1.3996354797028923,1612
2026-03-04 10:54:08.162533,1.3996354797028923,1.4016164771221509,1.3979094248553303,1.4016164771221509,4058
2026-03-04 10:59:08.162533,1.4016164771221509,1.401997311141692,1.3998247411481015,1.3998247411481015,3293
2026-03-04 11:04:08.162533,1.3998247411481015,1.4037721531331635,1.3988150750667734,1.4037721531331635,2141
2026-03-04 11:09:08.162533,1.4037721531331635,1.4064398019969986,1.402853968387555,1.4028596740842219,1908
2026-03-04 11:14:08.162533,1.4028596740842219,1.4050828003334066,1.4021301293021797,1.4050828003334066,3362
2026-03-04 11:19:08.162533,1.4050828003334066,1.4053850218959119,1.4028895197049331,1.4028895197049331,4312
2026-03-04 11:24:08.162533,1.4028895197049331,1.403521538339705,1.4016544566121008,1.4024868258370335,3069
2026-03-04 11:29:08.162533,1.4024868258370335,1.4041605997872726,1.4015474986377725,1.4041605997872726,3177
2026-03-04 11:34:08.162533,1.4041605997872726,1.40445391678208,1.4031971350516237,1.4031971350516237,2251
2026-03-04 11:39:08.162533,1.4031971350516237,1.4041302517208063,1.398822821557598,1.398822821557598,2322
2026-03-04 11:44:08.162533,1.398822821557598,1.400853789351469,1.3969675362211138,1.400853789351469,1508
2026-03-04 11:49:08.162533,1.400853789351469,1.402732592775925,1.3994303357329214,1.402732592775925,4617
2026-03-04 11:54:08.162533,1.402732592775925,1.4038594476685293,1.4017225143732612,1.4017225143732612,3086
2026-03-04 11:59:08.162533,1.4017225143732612,1.4026487846945423,1.3997797731827952,1.3997797731827952,1697
2026-03-04 12:04:08.162533,1.3997797731827952,1.4005450164224764,1.398181872174015,1.398181872174015,1486
2026-03-04 12:09:08.162533,1.398181872174015,1.398739956893276,1.3971685895661787,1.3971685895661787,2184
2026-03-04 12:14:08.162533,1.3971685895661787,1.3975889376908925,1.393175795595553,1.393175795595553,2381
2026-03-04 12:19:08.162533,1.393175795595553,1.3964446628786598,1.3927125354380938,1.3964446628786598,1631
2026-03-04 12:24:08.162533,1.3964446628786598,1.3987061171674144,1.3951581661026435,1.3987061171674144,4514
2026-03-04 12:29:08.162533,1.3987061171674144,1.4013739627344117,1.394869874464974,1.4008644673927846,4065
2026-03-04 12:34:08.162533,1.4008644673927846,1.4032929291253284,1.3994226700521395,1.400094954793454,1972
2026-03-04 12:39:08.162533,1.400094954793454,1.4020809714939324,1.3993427344732376,1.4020809714939324,2300
2026-03-04 12:44:08.162533,1.4020809714939324,1.4042154509020672,1.3992568544420074,1.3992568544420074,2211
2026-03-04 12:49:08.162533,1.3992568544420074,1.4006358516522972,1.3968077865562114,1.3968077865562114,2751
2026-03-04 12:54:08.162533,1.3968077865562114,1.398334295952576,1.3949889398741369,1.3949889398741369,2445
2026-03-04 12:59:08.162533,1.3949889398741369,1.3950440823540358,1.3923995856087448,1.3947275394235976,2958
2026-03-04 13:04:08.162533,1.3947275394235976,1.3980557731672218,1.3946381857337855,1.3980557731672218,1218
2026-03-04 13:09:08.162533,1.3980557731672218,1.4022604342596061,1.3980505203107578,1.4022604342596061,3486
2026-03-04 13:14:08.162533,1.4022604342596061,1.403203506103783,1.3999656472865563,1.3999656472865563,4447
2026-03-04 13:19:08.162533,1.3999656472865563,1.404003780004191,1.3997143722865057,1.404003780004191,3378
2026-03-04 13:24:08.162533,1.404003780004191,1.40525499611851,1.4032341870219258,1.403914134688644,4709
2026-03-04 13:29:08.162533,1.403914134688644,1.405173151432754,1.402030388546681,1.4032935449062611,4145
2026-03-04 13:34:08.162533,1.4032935449062611,1.403295927219571,1.4027445221292416,1.4027445221292416,2968
2026-03-04 13:39:08.162533,1.4027445221292416,1.4046907257661678,1.4013059931410266,1.4046907257661678,1455
2026-03-04 13:44:08.162533,1.4046907257661678,1.4065777911570798,1.4043651851002479,1.4065777911570798,4985
2026-03-04 13:49:08.162533,1.4065777911570798,1.4079330241849726,1.4063080370969887,1.4067055218616196,2421
2026-03-04 13:54:08.162533,1.4067055218616196,1.4078775653095854,1.4064354724899182,1.4070162723519417,1575
2026-03-04 13:59:08.162533,1.4070162723519417,1.40815178836084,1.4032376641662088,1.4032376641662088,4757
2026-03-04 14:04:08.162533,1.4032376641662088,1.404009891977991,1.4004453997875699,1.4004453997875699,1589
2026-03-04 14:09:08.162533,1.4004453997875699,1.4013581373325261,1.3988843661268466,1.3988843661268466,1764
2026-03-04 14:14:08.162533,1.3988843661268466,1.4006987126708292,1.3966644037826177,1.4006987126708292,2309
2026-03-04 14:19:08.162533,1.4006987126708292,1.4037476516026146,1.3992534992304355,1.4037476516026146,1715
2026-03-04 14:24:08.162533,1.4037476516026146,1.4045472503808696,1.40334130375446,1.4033952372576537,3571
2026-03-04 14:29:08.162533,1.4033952372576537,1.4085554271292615,1.403206473858048,1.4085554271292615,3706
2026-03-04 14:34:08.162533,1.4085554271292615,1.4115283619032548,1.4068739932259848,1.4115283619032548,1349
2026-03-04 14:39:08.162533,1.4115283619032548,1.4135642001545587,1.408311097845627,1.4115413280243334,4163
2026-03-04 14:44:08.162533,1.4115413280243334,1.4126563669741286,1.410514335851571,1.410514335851571,4738
2026-03-04 14:49:08.162533,1.410514335851571,1.4149690634405325,1.4084204529621855,1.4149690634405325,3710
2026-03-04 14:54:08.162533,1.4149690634405325,1.4151239606957886,1.4122396984713692,1.412804720589425,2087
2026-03-04 14:59:08.162533,1.412804720589425,1.4132681243202732,1.4121018411532722,1.4132681243202732,4188
2026-03-04 15:04:08.162533,1.4132681243202732,1.416347020102313,1.4128674886029402,1.4146556445722596,1138
2026-03-04 15:09:08.162533,1.4146556445722596,1.4151925013457378,1.4136287013165458,1.4136287013165458,2280
2026-03-04 15:14:08.162533,1.4136287013165458,1.413904890801041,1.410939375947063,1.410939375947063,1472
2026-03-04 15:19:08.162533,1.410939375947063,1.4110816121465013,1.4099961884431425,1.4099961884431425,2534
2026-03-04 15:24:08.162533,1.4099961884431425,1.4112629736880422,1.40818213524206,1.40818213524206,4775
2026-03-04 15:29:08.162533,1.40818213524206,1.408222493573205,1.406101674805562,1.406101674805562,4518
2026-03-04 15:34:08.162533,1.406101674805562,1.4068530700227655,1.4043321518471197,1.4068530700227655,3105
2026-03-04 15:39:08.162533,1.4068530700227655,1.407077457122006,1.4061159805935453,1.4067954731313483,2192
2026-03-04 15:44:08.162533,1.4067954731313483,1.4080698236176195,1.404694389719397,1.404694389719397,2317
2026-03-04 15:49:08.162533,1.404694389719397,1.4057522263593178,1.4045267033783673,1.4055722668845356,2956
2026-03-04 15:54:08.162533,1.4055722668845356,1.4076106615461759,1.3999883065701524,1.3999883065701524,1055
2026-03-04 15:59:08.162533,1.3999883065701524,1.4000897606548206,1.3997913126567756,1.3999537172260383,4087
2026-03-04 16:04:08.162533,1.3999537172260383,1.4019149627016025,1.3973855833253563,1.3973855833253563,3973
2026-03-04 16:09:08.162533,1.3973855833253563,1.3977663872597739,1.397287443805366,1.397367698141385,4322
2026-03-04 16:14:08.162533,1.397367698141385,1.3994106168696634,1.3971760902743589,1.3979844926695155,2296
2026-03-04 16:19:08.162533,1.3979844926695155,1.3991819822064413,1.397678092506718,1.397678092506718,4597
2026-03-04 16:24:08.162533,1.397678092506718,1.3983015955683273,1.3965100950505351,1.3967694360167726,1495
2026-03-04 16:29:08.162533,1.3967694360167726,1.3985517448355986,1.395507120393065,1.3985517448355986,3984
2026-03-04 16:34:08.162533,1.3985517448355986,1.3998339587057333,1.3985095832262573,1.3996083733470053,1035
2026-03-04 16:39:08.162533,1.3996083733470053,1.4011547519873495,1.397933609102116,1.3994451138990236,1549
2026-03-04 16:44:08.162533,1.3994451138990236,1.4003006920619994,1.398119560486677,1.400275649526023,4016
2026-03-04 16:49:08.162533,1.400275649526023,1.4023101545561525,1.3993228706815255,1.4023101545561525,1711
2026-03-04 16:54:08.162533,1.4023101545561525,1.4030936591522185,1.4018189952481337,1.4030936591522185,4416
2026-03-04 16:59:08.162533,1.4030936591522185,1.4046965908081344,1.4001670664828405,1.4046965908081344,1188
2026-03-04 17:04:08.162533,1.4046965908081344,1.4056037624204474,1.402118708743423,1.402118708743423,2306
2026-03-04 17:09:08.162533,1.402118708743423,1.4037271154584607,1.4020179632251992,1.4023883946074558,3331
2026-03-04 17:14:08.162533,1.4023883946074558,1.4031730481410172,1.401349177534942,1.4021044180383857,1822
2026-03-04 17:19:08.162533,1.4021044180383857,1.4048412954590517,1.3988486263729796,1.3988486263729796,4861
2026-03-04 17:24:08.162533,1.3988486263729796,1.3994862651070965,1.3969772922218018,1.3989670052543746,3468
2026-03-04 17:29:08.162533,1.3989670052543746,1.3994788559770115,1.3989385270867856,1.3990716575336724,1900
2026-03-04 17:34:08.162533,1.3990716575336724,1.4012413465064297,1.396550570943662,1.396550570943662,2529
2026-03-04 17:39:08.162533,1.396550570943662,1.398203389778665,1.393703743078989,1.393703743078989,3454
2026-03-04 17:44:08.162533,1.393703743078989,1.3956732016400857,1.3930850954065532,1.3956732016400857,2613
2026-03-04 17:49:08.162533,1.3956732016400857,1.3979915946937478,1.3937620164563325,1.3937620164563325,1024
2026-03-04 17:54:08.162533,1.3937620164563325,1.39508746691327,1.3901656075694726,1.3901656075694726,2689
2026-03-04 17:59:08.162533,1.3901656075694726,1.3945729926992891,1.3892275801477163,1.3945729926992891,1869
2026-03-04 18:04:08.162533,1.3945729926992891,1.3961069072659171,1.393238771675454,1.3936418277023008,1306
2026-03-04 18:09:08.162533,1.3936418277023008,1.395012378623849,1.3931014814368805,1.3946337639291493,1353
2026-03-04 18:14:08.162533,1.3946337639291493,1.397528891881839,1.3911649302286622,1.397528891881839,2154
2026-03-04 18:19:08.162533,1.397528891881839,1.3986477358275589,1.396330090459353,1.3974983269228138,3548
2026-03-04 18:24:08.162533,1.3974983269228138,1.3992572329506017,1.3959427934654804,1.397788131308057,4876
2026-03-04 18:29:08.162533,1.397788131308057,1.3990443287289558,1.3970661615542341,1.398583054691173,4056
2026-03-04 18:34:08.162533,1.398583054691173,1.3999495477914656,1.39751769515628,1.39751769515628,1166
2026-03-04 18:39:08.162533,1.39751769515628,1.39951509637127,1.3957266928979866,1.3992931932087016,4511
2026-03-04 18:44:08.162533,1.3992931932087016,1.4009540804633063,1.3977299448860967,1.4009540804633063,4134
2026-03-04 18:49:08.162533,1.4009540804633063,1.4032170399721895,1.3992403801913134,1.4032170399721895,1181
2026-03-04 18:54:08.162533,1.4032170399721895,1.40353687079561,1.4011509178283454,1.4012418431682296,2767
2026-03-04 18:59:08.162533,1.4012418431682296,1.402645098758973,1.4008372777152165,1.402645098758973,3544
2026-03-04 19:04:08.162533,1.402645098758973,1.4027151784079583,1.3996706395627945,1.3996706395627945,2261
2026-03-04 19:09:08.162533,1.3996706395627945,1.401560955015066,1.3983440813910215,1.3989886424293612,1022
2026-03-04 19:14:08.162533,1.3989886424293612,1.4035570013177263,1.3974505165359716,1.4035570013177263,3128
2026-03-04 19:19:08.162533,1.4035570013177263,1.4064908639282434,1.4013810293460172,1.404302555185265,3167
2026-03-04 19:24:08.162533,1.404302555185265,1.4047666057828376,1.4008797887923412,1.4008797887923412,4595
2026-03-04 19:29:08.162533,1.4008797887923412,1.4034330840018712,1.399940954379835,1.4023916222617276,4558
2026-03-04 19:34:08.162533,1.4023916222617276,1.4041583945974292,1.4018294652970755,1.4041583945974292,2524
2026-03-04 19:39:08.162533,1.4041583945974292,1.405094242098052,1.4026829393555804,1.4026829393555804,4744
2026-03-04 19:44:08.162533,1.4026829393555804,1.4061739575504617,1.4010093158666082,1.4042475793708238,2817
2026-03-04 19:49:08.162533,1.4042475793708238,1.407757230031245,1.4030506876284512,1.407757230031245,1896
2026-03-04 19:54:08.162533,1.407757230031245,1.4083444430017142,1.4046171044347167,1.4046171044347167,2217
2026-03-04 19:59:08.162533,1.4046171044347167,1.4102621240209783,1.4013015200857346,1.4102621240209783,3684
2026-03-04 20:04:08.162533,1.4102621240209783,1.4114214281809192,1.409075558969305,1.4114214281809192,3696
2026-03-04 20:09:08.162533,1.4114214281809192,1.4122664969475334,1.4097411240136901,1.4116966438758334,2814
2026-03-04 20:14:08.162533,1.4116966438758334,1.412105133018338,1.4095928601642929,1.4108426874093531,4955
2026-03-04 20:19:08.162533,1.4108426874093531,1.411054179394912,1.4056179067974368,1.4056179067974368,3772
2026-03-04 20:24:08.162533,1.4056179067974368,1.40635804522312,1.4047920227028239,1.4047920227028239,4191
2026-03-04 20:29:08.162533,1.4047920227028239,1.4077324450879054,1.4039826529567732,1.4077324450879054,2603
2026-03-04 20:34:08.162533,1.4077324450879054,1.4095027711623145,1.4069787467799586,1.4095027711623145,1242
2026-03-04 20:39:08.162533,1.4095027711623145,1.4103835477584017,1.407230795449623,1.4074300673843894,3767
2026-03-04 20:44:08.162533,1.4074300673843894,1.4101405991298628,1.4043511275914315,1.406923173808306,4223
2026-03-04 20:49:08.162533,1.406923173808306,1.4118002782231656,1.4041675208493323,1.4118002782231656,2938
2026-03-04 20:54:08.162533,1.4118002782231656,1.4126611442128272,1.4079461352385505,1.4079461352385505,4034
2026-03-04 20:59:08.162533,1.4079461352385505,1.4103129205982439,1.405100270195392,1.4067378913985578,3640
2026-03-04 21:04:08.162533,1.4067378913985578,1.4078062907150672,1.4033936300159542,1.4033936300159542,1329
2026-03-04 21:09:08.162533,1.4033936300159542,1.4039747158278546,1.4015584124840657,1.4015584124840657,3800
2026-03-04 21:14:08.162533,1.4015584124840657,1.402525702910692,1.3997356325585488,1.402525702910692,4965
2026-03-04 21:19:08.162533,1.402525702910692,1.4053447065674545,1.400450295450565,1.4053447065674545,3454
2026-03-04 21:24:08.162533,1.4053447065674545,1.4056641014895142,1.4034821758530684,1.4034821758530684,1917
2026-03-04 21:29:08.162533,1.4034821758530684,1.409227368173638,1.4022282196748521,1.409227368173638,2550
2026-03-04 21:34:08.162533,1.409227368173638,1.4097465415267205,1.4069884556800076,1.4096352398066225,4732
2026-03-04 21:39:08.162533,1.4096352398066225,1.4101404194926153,1.4088111515823905,1.4090693745552254,4556
2026-03-04 21:44:08.162533,1.4090693745552254,1.410015685114084,1.4082937085283156,1.409567108793503,3421
2026-03-04 21:49:08.162533,1.409567108793503,1.413008357739487,1.4088656777793072,1.413008357739487,2375
2026-03-04 21:54:08.162533,1.413008357739487,1.415764544949636,1.4124906963713206,1.4127692606679019,1391
2026-03-04 21:59:08.162533,1.4127692606679019,1.4137265608293355,1.410507079204026,1.410918524730284,4599
2026-03-04 22:04:08.162533,1.410918524730284,1.412372199509306,1.4106685590711956,1.412236523010486,1057
2026-03-04 22:09:08.162533,1.412236523010486,1.4160525509350437,1.4120224384729876,1.4160525509350437,2218
2026-03-04 22:14:08.162533,1.4160525509350437,1.4182087588495143,1.41520529774816,1.4155479001029845,3955
2026-03-04 22:19:08.162533,1.4155479001029845,1.4189767449703605,1.4143272037279164,1.4189767449703605,1257
2026-03-04 22:24:08.162533,1.4189767449703605,1.4228094879455098,1.418923612867652,1.4228094879455098,4050
2026-03-04 22:29:08.162533,1.4228094879455098,1.4250948848783487,1.4190032178611782,1.4190032178611782,2785
2026-03-04 22:34:08.162533,1.4190032178611782,1.4210658986702123,1.416891228759123,1.4210658986702123,4327
2026-03-04 22:39:08.162533,1.4210658986702123,1.4213395632811259,1.416682923597195,1.416682923597195,4113
2026-03-04 22:44:08.162533,1.416682923597195,1.4171255141338859,1.4160118987667147,1.4160118987667147,4080
2026-03-04 22:49:08.162533,1.4160118987667147,1.417566478352731,1.413252666355828,1.413252666355828,4928
2026-03-04 22:54:08.162533,1.413252666355828,1.4136251922412677,1.4121276507081684,1.4129630245744165,3316
2026-03-04 22:59:08.162533,1.4129630245744165,1.414412199267527,1.409551836793892,1.409551836793892,3814
2026-03-04 23:04:08.162533,1.409551836793892,1.4098126458186733,1.4085580454003115,1.4085580454003115,2847
2026-03-04 23:09:08.162533,1.4085580454003115,1.4105199686881098,1.4079284511800112,1.4101413500235136,2155
2026-03-04 23:14:08.162533,1.4101413500235136,1.4145886288532763,1.4099683645057215,1.4145886288532763,3038
2026-03-04 23:19:08.162533,1.4145886288532763,1.4191833403332708,1.413835571176201,1.4191833403332708,1120
2026-03-04 23:24:08.162533,1.4191833403332708,1.4218882453965673,1.4183751346417677,1.4218882453965673,2353
2026-03-04 23:29:08.162533,1.4218882453965673,1.4244050530699623,1.4213915819045944,1.4213915819045944,3470
2026-03-04 23:34:08.162533,1.4213915819045944,1.4230487809953452,1.4183257833410006,1.4207668255596704,3853
2026-03-04 23:39:08.162533,1.4207668255596704,1.4234592806028716,1.4199566671978552,1.4199566671978552,1535
2026-03-04 23:44:08.162533,1.4199566671978552,1.4213155297398248,1.4184754468954641,1.4202495535733284,3655
2026-03-04 23:49:08.162533,1.4202495535733284,1.4212938409388423,1.4187988898833628,1.4211482911325726,3614
2026-03-04 23:54:08.162533,1.4211482911325726,1.4236928243555682,1.420780377125098,1.4236928243555682,2677
2026-03-04 23:59:08.162533,1.4236928243555682,1.4248606389356697,1.4171063788271638,1.4171063788271638,3590
2026-03-05 00:04:08.162533,1.4171063788271638,1.417353363584911,1.4137743829964666,1.4137743829964666,1652
2026-03-05 00:09:08.162533,1.4137743829964666,1.4166855630632744,1.4133737312556867,1.4139801491976163,2573
2026-03-05 00:14:08.162533,1.4139801491976163,1.4153461456574694,1.412721695486122,1.4153461456574694,3991
2026-03-05 00:19:08.162533,1.4153461456574694,1.4164358255988798,1.4138161326515097,1.414947495339674,4229
2026-03-05 00:24:08.162533,1.414947495339674,1.4171807322562333,1.4142152047339553,1.4171807322562333,1991
2026-03-05 00:29:08.162533,1.4171807322562333,1.4209051142653362,1.4160596816358595,1.4209051142653362,2314
2026-03-05 00:34:08.162533,1.4209051142653362,1.422249434587172,1.4180134724399573,1.4184804010576528,2582
2026-03-05 00:39:08.162533,1.4184804010576528,1.4198801424861782,1.4151605629383996,1.4151605629383996,1084
2026-03-05 00:44:08.162533,1.4151605629383996,1.415255911524752,1.413879351458203,1.4142054815215361,4310
2026-03-05 00:49:08.162533,1.4142054815215361,1.4163705838796639,1.412044901593009,1.412044901593009,3326
2026-03-05 00:54:08.162533,1.412044901593009,1.4144768631604328,1.41069735945232,1.4144768631604328,4715
2026-03-05 00:59:08.162533,1.4144768631604328,1.4156384458996556,1.4117050907483124,1.4117050907483124,4156
2026-03-05 01:04:08.162533,1.4117050907483124,1.4134964909454646,1.4109603204475138,1.4130805732982161,3894
2026-03-05 01:09:08.162533,1.4130805732982161,1.413469659776752,1.4098473605316002,1.4098487692785433,4941
2026-03-05 01:14:08.162533,1.4098487692785433,1.410537849584283,1.406970423822175,1.406970423822175,3593
2026-03-05 01:19:08.162533,1.406970423822175,1.4075380481325388,1.406866938837123,1.4075380481325388,4136
2026-03-05 01:24:08.162533,1.4075380481325388,1.4098653815723807,1.40653541680138,1.4086362049748329,4774
2026-03-05 01:29:08.162533,1.4086362049748329,1.4097945545767894,1.406492004323504,1.4097945545767894,3065
2026-03-05 01:34:08.162533,1.4097945545767894,1.4119429624679476,1.4091001169151218,1.4119429624679476,1847
2026-03-05 01:39:08.162533,1.4119429624679476,1.4132190178487225,1.4109510905912295,1.412611664881237,2047
2026-03-05 01:44:08.162533,1.412611664881237,1.4129758735781441,1.4107391752626572,1.411702822790345,1018
2026-03-05 01:49:08.162533,1.411702822790345,1.415046425222967,1.4098571178836896,1.4098571178836896,1972
2026-03-05 01:54:08.162533,1.4098571178836896,1.4115223461685562,1.4083692986559844,1.4098977810070954,3966
2026-03-05 01:59:08.162533,1.4098977810070954,1.4126252152399172,1.4093304627890437,1.4126252152399172,2506
2026-03-05 02:04:08.162533,1.4126252152399172,1.4158977096166587,1.4113844109808307,1.4158977096166587,4410
2026-03-05 02:09:08.162533,1.4158977096166587,1.417120944054265,1.413957827088468,1.413957827088468,4362
2026-03-05 02:14:08.162533,1.413957827088468,1.4144008426104413,1.4128518207497314,1.4144008426104413,4153
2026-03-05 02:19:08.162533,1.4144008426104413,1.4206553528387884,1.4112368756174891,1.4206553528387884,2688
2026-03-05 02:24:08.162533,1.4206553528387884,1.4230071038963132,1.4167299816579988,1.4167299816579988,3080
2026-03-05 02:29:08.162533,1.4167299816579988,1.42119620827791,1.4155293981640327,1.42119620827791,2407
2026-03-05 02:34:08.162533,1.42119620827791,1.4214596928821575,1.4184028856636164,1.4187514073164018,1666
2026-03-05 02:39:08.162533,1.4187514073164018,1.4226767737168788,1.4186504262364188,1.4226767737168788,3338
2026-03-05 02:44:08.162533,1.4226767737168788,1.4243364486384178,1.417961686759404,1.417961686759404,4743
2026-03-05 02:49:08.162533,1.417961686759404,1.4275704922323567,1.4167538406747215,1.4275704922323567,1051
2026-03-05 02:54:08.162533,1.4275704922323567,1.4280801626665232,1.4247607272362508,1.4261670704128127,4855
2026-03-05 02:59:08.162533,1.4261670704128127,1.4279679335129882,1.4259073091539027,1.427292843472681,4251
2026-03-05 03:04:08.162533,1.427292843472681,1.4338538257059676,1.4271808511694328,1.4338538257059676,3238
2026-03-05 03:09:08.162533,1.4338538257059676,1.4347677436712771,1.4319604718005743,1.432769493878522,1003
2026-03-05 03:14:08.162533,1.432769493878522,1.4336396165221945,1.4314693797113895,1.4325871157332097,3536
2026-03-05 03:19:08.162533,1.4325871157332097,1.4340110389609595,1.4307982059378255,1.4340110389609595,3270
2026-03-05 03:24:08.162533,1.4340110389609595,1.436247377408337,1.4321533976859444,1.4341658975068672,3357
2026-03-05 03:29:08.162533,1.4341658975068672,1.4342455003609784,1.433398502665801,1.433398502665801,3620
2026-03-05 03:34:08.162533,1.433398502665801,1.4365378793383932,1.4321752566468031,1.4365378793383932,4790
2026-03-05 03:39:08.162533,1.4365378793383932,1.4371428390566192,1.4333030321667939,1.4333443868904179,4664
2026-03-05 03:44:08.162533,1.4333443868904179,1.4363299921201595,1.4316996542370561,1.4363299921201595,4720
2026-03-05 03:49:08.162533,1.4363299921201595,1.4368845546263267,1.4358364362573124,1.4364394277371875,4248
2026-03-05 03:54:08.162533,1.4364394277371875,1.438022689109328,1.43409887677985,1.4359780083126434,3736
2026-03-05 03:59:08.162533,1.4359780083126434,1.4388880281457497,1.4349613048925174,1.4388880281457497,1496
2026-03-05 04:04:08.162533,1.4388880281457497,1.4399342772900754,1.4362914221850769,1.4362914221850769,3328
2026-03-05 04:09:08.162533,1.4362914221850769,1.4377412809533414,1.4362262158944932,1.4377412809533414,3248
2026-03-05 04:14:08.162533,1.4377412809533414,1.4402750420572472,1.4370491754859065,1.4402750420572472,3425
2026-03-05 04:19:08.162533,1.4402750420572472,1.442556147177448,1.4401670564408153,1.4423627219264719,3857
2026-03-05 04:24:08.162533,1.4423627219264719,1.4444568205646877,1.441618475253631,1.4430007220197036,2934
2026-03-05 04:29:08.162533,1.4430007220197036,1.4451002236308033,1.4400744123784313,1.4400744123784313,4033
2026-03-05 04:34:08.162533,1.4400744123784313,1.4431811265686414,1.4386184592441353,1.4431811265686414,1209
2026-03-05 04:39:08.162533,1.4431811265686414,1.4449076936259058,1.443075393913474,1.4433333016885734,1673
2026-03-05 04:44:08.162533,1.4433333016885734,1.4452116850604078,1.4426386065004941,1.443292078672149,4684
2026-03-05 04:49:08.162533,1.443292078672149,1.4440845850802446,1.442215990328149,1.442215990328149,1613
2026-03-05 04:54:08.162533,1.442215990328149,1.4449708973051607,1.4403864180294963,1.4449708973051607,4552
2026-03-05 04:59:08.162533,1.4449708973051607,1.449360294638416,1.4432931387396553,1.4466154709550192,2285
2026-03-05 05:04:08.162533,1.4466154709550192,1.448121786104947,1.443232215497809,1.4462341569046806,4347
2026-03-05 05:09:08.162533,1.4462341569046806,1.4471440040872368,1.445119499071717,1.4471440040872368,3425
2026-03-05 05:14:08.162533,1.4471440040872368,1.448059501111809,1.4466580187917162,1.448059501111809,3917
2026-03-05 05:19:08.162533,1.448059501111809,1.4502505855816987,1.4465162126013646,1.4502505855816987,1363
2026-03-05 05:24:08.162533,1.4502505855816987,1.4508202747342605,1.449942721555952,1.450295888603247,3479
2026-03-05 05:29:08.162533,1.450295888603247,1.4518592965987889,1.4486277968020125,1.4518592965987889,4420
2026-03-05 05:34:08.162533,1.4518592965987889,1.453240663729086,1.449066574284237,1.449066574284237,1393
2026-03-05 05:39:08.162533,1.449066574284237,1.449694705703104,1.4446782677498144,1.4446782677498144,1855
2026-03-05 05:44:08.162533,1.4446782677498144,1.4507128682039918,1.4424873624638825,1.4507128682039918,2908
2026-03-05 05:49:08.162533,1.4507128682039918,1.4514612806865668,1.4486595453840787,1.4509576170407652,2743
2026-03-05 05:54:08.162533,1.4509576170407652,1.4533725314187294,1.448783928796882,1.4533725314187294,1826
2026-03-05 05:59:08.162533,1.4533725314187294,1.4545056816379214,1.4515449767797497,1.4545056816379214,3312
2026-03-05 06:04:08.162533,1.4545056816379214,1.4549557255549503,1.4525233399375497,1.4525233399375497,3498
2026-03-05 06:09:08.162533,1.4525233399375497,1.4533798203840462,1.4517784568977374,1.4533798203840462,3062
2026-03-05 06:14:08.162533,1.4533798203840462,1.4546473970214968,1.4488911863825795,1.4488911863825795,4225
2026-03-05 06:19:08.162533,1.4488911863825795,1.4497275122296167,1.4457910066499515,1.4457910066499515,4587
2026-03-05 06:24:08.162533,1.4457910066499515,1.4477321169264656,1.4439460174711045,1.4455627771415676,1041
2026-03-05 06:29:08.162533,1.4455627771415676,1.4491969841692238,1.443435570534264,1.44463535526932,3887
2026-03-05 06:34:08.162533,1.44463535526932,1.4467340066962642,1.441789981482749,1.441789981482749,3302
2026-03-05 06:39:08.162533,1.441789981482749,1.4455732130644163,1.4399684432564397,1.4455732130644163,1781
2026-03-05 06:44:08.162533,1.4455732130644163,1.4472915403476734,1.4416204436600972,1.4416204436600972,3620
2026-03-05 06:49:08.162533,1.4416204436600972,1.444515188440694,1.4409725417879837,1.4441698231034021,4900
2026-03-05 06:54:08.162533,1.4441698231034021,1.4469909370209697,1.4440413327263102,1.4464340922947416,4395
2026-03-05 06:59:08.162533,1.4464340922947416,1.446787796910643,1.4454760604344326,1.4454760604344326,3431
2026-03-05 07:04:08.162533,1.4454760604344326,1.4494151121790064,1.4440118339129906,1.4494151121790064,4334
2026-03-05 07:09:08.162533,1.4494151121790064,1.450228632439257,1.4480292335489304,1.4480292335489304,3115
2026-03-05 07:14:08.162533,1.4480292335489304,1.4551604831602403,1.447792419588168,1.4551604831602403,1727
2026-03-05 07:19:08.162533,1.4551604831602403,1.4551951074328213,1.454023554095732,1.4550821700142849,3726
2026-03-05 07:24:08.162533,1.4550821700142849,1.455082352073118,1.4528744422749111,1.4528744422749111,4653
2026-03-05 07:29:08.162533,1.4528744422749111,1.4573903155693877,1.4483137668105417,1.4550193458677763,1155
2026-03-05 07:34:08.162533,1.4550193458677763,1.4563716329447927,1.4540643944956875,1.4563716329447927,1426
2026-03-05 07:39:08.162533,1.4563716329447927,1.456831187347322,1.449983071944264,1.449983071944264,1112
2026-03-05 07:44:08.162533,1.449983071944264,1.4535462806170305,1.4478361469951946,1.4506942417579072,1334
2026-03-05 07:49:08.162533,1.4506942417579072,1.4528738064915243,1.4499428077329235,1.4519204582919507,4366
2026-03-05 07:54:08.162533,1.4519204582919507,1.4555263798462723,1.450209024968093,1.4555263798462723,1830
2026-03-05 07:59:08.162533,1.4555263798462723,1.457093092778676,1.453541220444355,1.454188199543548,4546
2026-03-05 08:04:08.162533,1.454188199543548,1.4545060055948729,1.4533853460309374,1.4535332351997856,3604
2026-03-05 08:09:08.162533,1.4535332351997856,1.4548827932597013,1.4493951725259477,1.4543380039612794,3572
2026-03-05 08:14:08.162533,1.4543380039612794,1.4562144871532516,1.4531329882711626,1.4531329882711626,4268
2026-03-05 08:19:08.162533,1.4531329882711626,1.454066021194945,1.4521868077760398,1.452365156292036,2011
2026-03-05 08:24:08.162533,1.452365156292036,1.4539981441197989,1.451771696565906,1.4539981441197989,4462
2026-03-05 08:29:08.162533,1.4539981441197989,1.4557657237371044,1.4483853228646695,1.4483853228646695,3649
2026-03-05 08:34:08.162533,1.4483853228646695,1.448589853546855,1.4463127266299967,1.4463127266299967,2191
2026-03-05 08:39:08.162533,1.4463127266299967,1.4480564534405254,1.444064947478468,1.44476816625839,3532
2026-03-05 08:44:08.162533,1.44476816625839,1.4478867648267189,1.4438230778433203,1.4450827356224047,3923
2026-03-05 08:49:08.162533,1.4450827356224047,1.4452364566143898,1.4397299005251811,1.4397299005251811,2606
2026-03-05 08:54:08.162533,1.4397299005251811,1.4400921163575318,1.4385645674103662,1.4390117090067704,2775
2026-03-05 08:59:08.162533,1.4390117090067704,1.4405593888227521,1.4369449153306655,1.4405593888227521,1592
2026-03-05 09:04:08.162533,1.4405593888227521,1.444471172678588,1.4398468035296013,1.444471172678588,4701
2026-03-05 09:09:08.162533,1.444471172678588,1.444482206078117,1.442521497264513,1.442521497264513,4762
2026-03-05 09:14:08.162533,1.442521497264513,1.4427168379840185,1.4397995934669179,1.4397995934669179,3370
2026-03-05 09:19:08.162533,1.4397995934669179,1.4446868336224632,1.4396381629704036,1.4446868336224632,3454
2026-03-05 09:24:08.162533,1.4446868336224632,1.446733513027473,1.443210108615778,1.446733513027473,4154
2026-03-05 09:29:08.162533,1.446733513027473,1.4474098817370225,1.4443677617914061,1.44571570818218,3467
2026-03-05 09:34:08.162533,1.44571570818218,1.4457424495830469,1.4433489851985857,1.4433489851985857,1890
2026-03-05 09:39:08.162533,1.4433489851985857,1.4445352423668625,1.443308737334395,1.4445352423668625,1617
2026-03-05 09:44:08.162533,1.4445352423668625,1.444555185309191,1.4441002318422045,1.4441002318422045,4246
2026-03-05 09:49:08.162533,1.4441002318422045,1.446916467955133,1.4429737976418595,1.4429737976418595,3703
2026-03-05 09:54:08.162533,1.4429737976418595,1.4432297128664129,1.437932218052953,1.437932218052953,1793
2026-03-05 09:59:08.162533,1.437932218052953,1.4402590989583726,1.436189278679819,1.4402590989583726,1048
2026-03-05 10:04:08.162533,1.4402590989583726,1.4414906889055403,1.439337418896569,1.439337418896569,2288
2026-03-05 10:09:08.162533,1.439337418896569,1.440526112748543,1.4377171330641068,1.438681142034087,4949
2026-03-05 10:14:08.162533,1.438681142034087,1.4397994765583184,1.437570851296742,1.4397994765583184,3836
2026-03-05 10:19:08.162533,1.4397994765583184,1.4405301139298277,1.4393220445753638,1.4393220445753638,4154
2026-03-05 10:24:08.162533,1.4393220445753638,1.4427886333696205,1.437745803596776,1.4427886333696205,1086
2026-03-05 10:29:08.162533,1.4427886333696205,1.445354405554853,1.4426455830757894,1.4436207706939117,1086
2026-03-05 10:34:08.162533,1.4436207706939117,1.44658428142979,1.4433286313929046,1.4433286313929046,1642
2026-03-05 10:39:08.162533,1.4433286313929046,1.4438724923704833,1.4432857408497362,1.4438724923704833,2224
2026-03-05 10:44:08.162533,1.4438724923704833,1.4465158419923532,1.4420861982298445,1.4465158419923532,4340
2026-03-05 10:49:08.162533,1.4465158419923532,1.4482948136770133,1.445867352295923,1.4482948136770133,1325
2026-03-05 10:54:08.162533,1.4482948136770133,1.4485035505433235,1.445189498515006,1.445189498515006,2599
2026-03-05 10:59:08.162533,1.445189498515006,1.4459772025242517,1.4433268942449105,1.4433268942449105,4760
2026-03-05 11:04:08.162533,1.4433268942449105,1.4434754175418048,1.442028364031301,1.4426458093913352,1152
2026-03-05 11:09:08.162533,1.4426458093913352,1.443688875239897,1.4347206466554716,1.4347206466554716,1474
2026-03-05 11:14:08.162533,1.4347206466554716,1.437099467474616,1.4344910214150115,1.4359864200547887,3807
2026-03-05 11:19:08.162533,1.4359864200547887,1.4368500059994183,1.4349437971088919,1.4359892318242986,3082
2026-03-05 11:24:08.162533,1.4359892318242986,1.4361259336573047,1.434520364799011,1.434520364799011,4467
2026-03-05 11:29:08.162533,1.434520364799011,1.436747724628303,1.4331667251077393,1.436747724628303,3240
2026-03-05 11:34:08.162533,1.436747724628303,1.437035313086619,1.4325386038051056,1.4325386038051056,4139
2026-03-05 11:39:08.162533,1.4325386038051056,1.4338528942819262,1.431308657266423,1.431308657266423,1284
2026-03-05 11:44:08.162533,1.431308657266423,1.4329135941178999,1.429229138033522,1.429229138033522,1433
2026-03-05 11:49:08.162533,1.429229138033522,1.4325500961474213,1.4281812195142487,1.4325500961474213,3658
2026-03-05 11:54:08.162533,1.4325500961474213,1.4358925391961492,1.429363510943243,1.4358925391961492,1143
2026-03-05 11:59:08.162533,1.4358925391961492,1.4374876319758323,1.4324321299844904,1.4349614591488602,1902
2026-03-05 12:04:08.162533,1.4349614591488602,1.4360746557850008,1.4346555515329587,1.4348509908310547,1414
2026-03-05 12:09:08.162533,1.4348509908310547,1.436146448326829,1.4341450640108693,1.43439913876524,2653
2026-03-05 12:14:08.162533,1.43439913876524,1.4415230116222395,1.4331656508157034,1.4415230116222395,2858
2026-03-05 12:19:08.162533,1.4415230116222395,1.4483335302615343,1.441322547336205,1.4483335302615343,4521
2026-03-05 12:24:08.162533,1.4483335302615343,1.4485177267935367,1.4468666316310477,1.4473990117048157,3790
2026-03-05 12:29:08.162533,1.4473990117048157,1.4486765393126873,1.4462921269314941,1.4462921269314941,4840
2026-03-05 12:34:08.162533,1.4462921269314941,1.449310619684112,1.445685102170695,1.449310619684112,3249
2026-03-05 12:39:08.162533,1.449310619684112,1.4542013917281942,1.4483163361086935,1.4542013917281942,2440
2026-03-05 12:44:08.162533,1.4542013917281942,1.4550503158597146,1.4504325903501987,1.4504325903501987,4918
2026-03-05 12:49:08.162533,1.4504325903501987,1.4511510513069072,1.4440201062507592,1.4440201062507592,3379
2026-03-05 12:54:08.162533,1.4440201062507592,1.444838469334115,1.442769602709221,1.442769602709221,3099
2026-03-05 12:59:08.162533,1.442769602709221,1.4451644066480809,1.442421257704521,1.4451644066480809,4414
2026-03-05 13:04:08.162533,1.4451644066480809,1.4459307401833283,1.440951574520443,1.440951574520443,2249
2026-03-05 13:09:08.162533,1.440951574520443,1.4437546337283924,1.4406673109811319,1.4437546337283924,1563
2026-03-05 13:14:08.162533,1.4437546337283924,1.446707083734555,1.4394106597823921,1.4394106597823921,2030
2026-03-05 13:19:08.162533,1.4394106597823921,1.444843330820503,1.4389836615821066,1.444843330820503,2319
2026-03-05 13:24:08.162533,1.444843330820503,1.4460365053301631,1.444108378803218,1.445176812334262,2512
2026-03-05 13:29:08.162533,1.445176812334262,1.4510003112585446,1.4447205370045584,1.4510003112585446,1991
2026-03-05 13:34:08.162533,1.4510003112585446,1.4516468385665047,1.4474114995494718,1.4474114995494718,4567
2026-03-05 13:39:08.162533,1.4474114995494718,1.4486023250534648,1.4465269120218074,1.4465269120218074,3514
2026-03-05 13:44:08.162533,1.4465269120218074,1.4480445052196496,1.4450197284997235,1.4450197284997235,4175
2026-03-05 13:49:08.162533,1.4450197284997235,1.4469296404377832,1.4436011437501424,1.4469296404377832,2117
2026-03-05 13:54:08.162533,1.4469296404377832,1.449761624587274,1.44558669234136,1.4465844853960845,3258
2026-03-05 13:59:08.162533,1.4465844853960845,1.4468824462511354,1.443797013624082,1.443797013624082,3667
2026-03-05 14:04:08.162533,1.443797013624082,1.4465808801200462,1.4437894349532205,1.4465808801200462,4458
2026-03-05 14:09:08.162533,1.4465808801200462,1.4471648081981028,1.4445507266701483,1.4446130426558654,3316
2026-03-05 14:14:08.162533,1.4446130426558654,1.4475156835545817,1.444226645164372,1.4461964499291788,4008
2026-03-05 14:19:08.162533,1.4461964499291788,1.4466657548807587,1.4421685372758515,1.4421685372758515,1719
2026-03-05 14:24:08.162533,1.4421685372758515,1.4424006200486947,1.4397730164964875,1.4404784072547159,1606
2026-03-05 14:29:08.162533,1.4404784072547159,1.44195623857962,1.4394248517866102,1.4394248517866102,3530
2026-03-05 14:34:08.162533,1.4394248517866102,1.4417580750675854,1.4392094948755885,1.4417580750675854,2364
2026-03-05 14:39:08.162533,1.4417580750675854,1.4435360085966262,1.4391796331000033,1.4391796331000033,1428
2026-03-05 14:44:08.162533,1.4391796331000033,1.4439043433583076,1.436813761713184,1.4439043433583076,2584
2026-03-05 14:49:08.162533,1.4439043433583076,1.4452473968920974,1.44224927124622,1.44224927124622,4977
2026-03-05 14:54:08.162533,1.44224927124622,1.4427220972375363,1.442222096157395,1.4426559507503984,4721
2026-03-05 14:59:08.162533,1.4426559507503984,1.4428446876263519,1.4409405537544713,1.442813906953952,1157
2026-03-05 15:04:08.162533,1.442813906953952,1.4438437932555441,1.441721166883535,1.4438437932555441,2136
2026-03-05 15:09:08.162533,1.4438437932555441,1.4453906694086582,1.443196129826564,1.443196129826564,4481
2026-03-05 15:14:08.162533,1.443196129826564,1.444445083627358,1.4414804233758012,1.4430218909738286,2370
2026-03-05 15:19:08.162533,1.4430218909738286,1.4436572928480238,1.4422462306041526,1.4436572928480238,3081
2026-03-05 15:24:08.162533,1.4436572928480238,1.4439185510500983,1.4424635638523193,1.4424635638523193,3517
2026-03-05 15:29:08.162533,1.4424635638523193,1.443787841673862,1.435660037077714,1.435660037077714,2019
2026-03-05 15:34:08.162533,1.435660037077714,1.4358764669247828,1.4346985032593478,1.4346985032593478,4893
2026-03-05 15:39:08.162533,1.4346985032593478,1.4348182708852255,1.4320507735619785,1.4320507735619785,4404
2026-03-05 15:44:08.162533,1.4320507735619785,1.4324445223503504,1.4297281372100474,1.4318667070944575,2711
2026-03-05 15:49:08.162533,1.4318667070944575,1.434448917762935,1.4308516453338644,1.434448917762935,1033
2026-03-05 15:54:08.162533,1.434448917762935,1.4361916899357967,1.4325264642017588,1.4325264642017588,3965
2026-03-05 15:59:08.162533,1.4325264642017588,1.4356143383820015,1.431981224577811,1.4356143383820015,1746
2026-03-05 16:04:08.162533,1.4356143383820015,1.436139315419854,1.4290278591937848,1.4290278591937848,2608
2026-03-05 16:09:08.162533,1.4290278591937848,1.43200716056116,1.4282182032742556,1.428482801894142,2342
2026-03-05 16:14:08.162533,1.428482801894142,1.429755448827697,1.4265293229341143,1.4286224062808335,2633
2026-03-05 16:19:08.162533,1.4286224062808335,1.4293616856501343,1.4264596799137221,1.4264596799137221,1431
2026-03-05 16:24:08.162533,1.4264596799137221,1.4267310980537695,1.4242825276871651,1.425458924196349,4057
2026-03-05 16:29:08.162533,1.425458924196349,1.429314763383162,1.4253996161157596,1.429314763383162,3556
2026-03-05 16:34:08.162533,1.429314763383162,1.4335137406495952,1.4275466478628631,1.4335137406495952,4395
2026-03-05 16:39:08.162533,1.4335137406495952,1.435947666756552,1.4324330442194269,1.435908447349268,2557
2026-03-05 16:44:08.162533,1.435908447349268,1.4382594578177728,1.4339932177869144,1.4382594578177728,2071
2026-03-05 16:49:08.162533,1.4382594578177728,1.4403445848300531,1.4382507460684621,1.4388565887302296,4445
2026-03-05 16:54:08.162533,1.4388565887302296,1.4414039607612048,1.4377641014861378,1.4414039607612048,3234
2026-03-05 16:59:08.162533,1.4414039607612048,1.4446418680131206,1.439088892752493,1.4446418680131206,1918
2026-03-05 17:04:08.162533,1.4446418680131206,1.4475580889632746,1.4444420094089383,1.4444730929163148,3510
2026-03-05 17:09:08.162533,1.4444730929163148,1.4485723581203604,1.4439125934852322,1.4485723581203604,2968
2026-03-05 17:14:08.162533,1.4485723581203604,1.4498188174237174,1.4473381646581767,1.4490644189521638,1814
2026-03-05 17:19:08.162533,1.4490644189521638,1.4498315626590708,1.4462269530573657,1.4462269530573657,2738
2026-03-05 17:24:08.162533,1.4462269530573657,1.4468026754785945,1.4452337167301437,1.4468026754785945,1601
2026-03-05 17:29:08.162533,1.4468026754785945,1.4488586523406413,1.4420372704409172,1.4420372704409172,3720
2026-03-05 17:34:08.162533,1.4420372704409172,1.4424208516579176,1.4381390594172847,1.4381390594172847,2452
2026-03-05 17:39:08.162533,1.4381390594172847,1.4399999375945634,1.4357716845426518,1.4361609342586208,3565
2026-03-05 17:44:08.162533,1.4361609342586208,1.4379695364212959,1.433094139037608,1.433094139037608,4904
2026-03-05 17:49:08.162533,1.433094139037608,1.4356587478434177,1.4316870216081383,1.4356587478434177,3224
2026-03-05 17:54:08.162533,1.4356587478434177,1.4393594339169902,1.4354714973865337,1.4377843911653583,3612
2026-03-05 17:59:08.162533,1.4377843911653583,1.43937239881586,1.437622677998745,1.43937239881586,2511
2026-03-05 18:04:08.162533,1.43937239881586,1.4403531882926541,1.4379520904883667,1.4379520904883667,1726
2026-03-05 18:09:08.162533,1.4379520904883667,1.4404510603410985,1.437024736906249,1.4404510603410985,2983
2026-03-05 18:14:08.162533,1.4404510603410985,1.4408485668432602,1.4375958647814442,1.4406733785401653,1480
2026-03-05 18:19:08.162533,1.4406733785401653,1.4413960037424247,1.4370623482595435,1.4370623482595435,1812
2026-03-05 18:24:08.162533,1.4370623482595435,1.438494067527574,1.4365342193025719,1.4373272159272983,3586
2026-03-05 18:29:08.162533,1.4373272159272983,1.4393379345776318,1.4354395691494386,1.4393379345776318,1025
2026-03-05 18:34:08.162533,1.4393379345776318,1.4405681706387068,1.4373756886974973,1.4394238321489452,1755
2026-03-05 18:39:08.162533,1.4394238321489452,1.4411312085090437,1.4386926195483698,1.4411312085090437,3092
2026-03-05 18:44:08.162533,1.4411312085090437,1.4418298990583494,1.4371518870901512,1.4371518870901512,3432
2026-03-05 18:49:08.162533,1.4371518870901512,1.438806437290978,1.435052454591054,1.438806437290978,3448
2026-03-05 18:54:08.162533,1.438806437290978,1.4405843186241016,1.435082870442617,1.435082870442617,4981
2026-03-05 18:59:08.162533,1.435082870442617,1.4359536663076031,1.432052499114257,1.432052499114257,1384
2026-03-05 19:04:08.162533,1.432052499114257,1.4326552787592923,1.4300265644945898,1.4302392452343906,2311
2026-03-05 19:09:08.162533,1.4302392452343906,1.4324809546111756,1.4276661335347212,1.4314114359836612,4360
2026-03-05 19:14:08.162533,1.4314114359836612,1.4324152008893212,1.431226430292828,1.4324152008893212,2347
2026-03-05 19:19:08.162533,1.4324152008893212,1.4330227345431101,1.4307924936452787,1.4307924936452787,2930
2026-03-05 19:24:08.162533,1.4307924936452787,1.4309462979923138,1.42756634145955,1.42803606091511,1224
2026-03-05 19:29:08.162533,1.42803606091511,1.4307528593014862,1.4275298972175505,1.4307528593014862,3244
2026-03-05 19:34:08.162533,1.4307528593014862,1.4316054907316267,1.4297470788663154,1.4297470788663154,2825
2026-03-05 19:39:08.162533,1.4297470788663154,1.4306011602371962,1.424470664839702,1.424470664839702,2640
2026-03-05 19:44:08.162533,1.424470664839702,1.426786611923895,1.4231669969025864,1.4235270423991448,2374
2026-03-05 19:49:08.162533,1.4235270423991448,1.4277782736062579,1.4230689951452193,1.4277782736062579,4610
2026-03-05 19:54:08.162533,1.4277782736062579,1.4287274838282331,1.4263231230213174,1.4279064764497018,3405
2026-03-05 19:59:08.162533,1.4279064764497018,1.4302942776566163,1.4261515564316367,1.4302942776566163,1280
2026-03-05 20:04:08.162533,1.4302942776566163,1.4321539416674602,1.4300856531819948,1.4318436984619232,4812
2026-03-05 20:09:08.162533,1.4318436984619232,1.4350722851109554,1.4287776782959485,1.4299446552358808,4701
2026-03-05 20:14:08.162533,1.4299446552358808,1.4308021678297402,1.4293148051304803,1.4306072799500629,2506
2026-03-05 20:19:08.162533,1.4306072799500629,1.4333536660255826,1.429727050298668,1.4333536660255826,2044
2026-03-05 20:24:08.162533,1.4333536660255826,1.4342558861675694,1.4323776649970874,1.4323776649970874,3960
2026-03-05 20:29:08.162533,1.4323776649970874,1.4366828240435465,1.4313060710603667,1.4366828240435465,1184
2026-03-05 20:34:08.162533,1.4366828240435465,1.4372697129044947,1.4339314428921093,1.435475443672367,4835
2026-03-05 20:39:08.162533,1.435475443672367,1.436570369824036,1.4328965001856355,1.433823580851539,4702
2026-03-05 20:44:08.162533,1.433823580851539,1.4381479107369082,1.4308790287343858,1.4381479107369082,4605
2026-03-05 20:49:08.162533,1.4381479107369082,1.4401918694088238,1.4375428690839862,1.4401918694088238,2862
2026-03-05 20:54:08.162533,1.4401918694088238,1.4428808483442104,1.4380478502332972,1.4417073745858322,3158
2026-03-05 20:59:08.162533,1.4417073745858322,1.4434002767696819,1.4402038231126966,1.4427071254300161,1309
2026-03-05 21:04:08.162533,1.4427071254300161,1.4493828123238455,1.441899444468291,1.4493828123238455,2690
2026-03-05 21:09:08.162533,1.4493828123238455,1.4530199817875749,1.4474221612887364,1.4530199817875749,3129
2026-03-05 21:14:08.162533,1.4530199817875749,1.454518641274911,1.4484422086808029,1.4484422086808029,1111
2026-03-05 21:19:08.162533,1.4484422086808029,1.4497149866451104,1.4467773633215872,1.4484865777570675,4340
2026-03-05 21:24:08.162533,1.4484865777570675,1.449451052088126,1.4477718729639169,1.449451052088126,1544
2026-03-05 21:29:08.162533,1.449451052088126,1.451458961709358,1.4473080041933313,1.451458961709358,4870
2026-03-05 21:34:08.162533,1.451458961709358,1.4533968955352925,1.4484096607508232,1.4484096607508232,3510
2026-03-05 21:39:08.162533,1.4484096607508232,1.4501518366215758,1.4467677475006926,1.4467677475006926,3992
2026-03-05 21:44:08.162533,1.4467677475006926,1.4525525754288997,1.4462665565923845,1.4525525754288997,1095
2026-03-05 21:49:08.162533,1.4525525754288997,1.453793627696725,1.4509238244282847,1.453793627696725,1185
2026-03-05 21:54:08.162533,1.453793627696725,1.4545120030706324,1.453535752533648,1.4545120030706324,3342
